season,dekad_idx,pivot_id,aeti_mm,npp_gC_m2
2021/22,0,35,3.329181495,0.850355872
2021/22,0,38,8.936265709,6.657432675
2021/22,0,43,3.531654187,0.003356025
2021/22,0,46,3.194570136,0
2021/22,0,48,3.923184358,0.001592179
2021/22,0,49,4.116531165,0.000304878
2021/22,0,56,3.325835037,0
2021/22,0,61,7.830985915,5.057859155
2021/22,0,62,3.852209945,0.001781768
2021/22,0,77,4.364182692,0
2021/22,0,78,3.976040353,0
2021/22,0,79,4.907123535,0
2021/22,0,80,4.322946176,0
2021/22,0,89,6.035689293,3.980342897
2021/22,0,90,11.68951049,9.527867133
2021/22,0,91,4.376470588,0.341071895
2021/22,0,92,4.757268425,0
2021/22,0,97,10.86432507,8.921246556
2021/22,0,98,4.924450549,0
2021/22,0,99,12.97954711,11.48563185
2021/22,0,119,3.618526623,2.113931437
2021/22,0,120,5.220630372,1.400816619
2021/22,0,121,28.26662097,27.37252228
2021/22,0,128,29.27769784,28.53058993
2021/22,0,129,37.03140979,37.95917458
2021/22,0,130,8.475943745,5.969245004
2021/22,0,131,23.01862891,22.1847541
2021/22,0,132,22.46280992,21.4748416
2021/22,0,133,17.13870246,15.67352722
2021/22,0,134,3.229749632,0.898225331
2021/22,0,137,8.560587515,6.551015912
2021/22,0,138,3.578804348,1.15841712
2021/22,0,139,14.95821918,13.4614863
2021/22,0,141,14.72888283,12.62823569
2021/22,0,142,21.5702536,20.39685401
2021/22,0,143,37.50578625,37.80737917
2021/22,0,144,10.63906142,8.863926846
2021/22,0,145,13.36813187,11.78267857
2021/22,0,146,15.4043849,13.79619976
2021/22,0,147,11.77934687,10.16060018
2021/22,0,148,11.83632735,9.905189621
2021/22,0,149,40.98087432,40.3763388
2021/22,0,150,10.01913265,7.986619898
2021/22,0,151,42.4169697,45.33201212
2021/22,0,160,40.48004837,40.19727932
2021/22,1,35,4.698398577,2.371717082
2021/22,1,38,10.55834829,11.08508977
2021/22,1,43,2.892443839,0.204213751
2021/22,1,46,2.436199095,0.027022624
2021/22,1,48,3.055167598,0.004385475
2021/22,1,49,3.213414634,0.006890244
2021/22,1,56,2.990456714,0.033442399
2021/22,1,61,9.033802817,8.511704225
2021/22,1,62,3.186464088,0.070220994
2021/22,1,77,3.460336538,0.170637019
2021/22,1,78,3.097099622,0
2021/22,1,79,3.798917944,0
2021/22,1,80,3.370396601,0.125467422
2021/22,1,89,10.24072778,11.25193842
2021/22,1,90,16.82237762,19.13326573
2021/22,1,91,4.85620915,3.755921569
2021/22,1,92,3.597025017,0.269513185
2021/22,1,97,15.56198347,17.46143251
2021/22,1,98,3.779532967,0.529244505
2021/22,1,99,18.53469686,21.15783053
2021/22,1,119,7.343544858,7.692013129
2021/22,1,120,7.645415473,6.581575931
2021/22,1,121,29.49280329,35.70728581
2021/22,1,128,29.10431655,35.24551079
2021/22,1,129,34.98319942,44.7587363
2021/22,1,130,13.6180607,14.95144338
2021/22,1,131,27.40611028,31.95201937
2021/22,1,132,26.67768595,30.90961433
2021/22,1,133,21.78448919,24.87200597
2021/22,1,134,5.717231222,4.309727541
2021/22,1,137,15.00367197,17.15778458
2021/22,1,138,6.204483696,5.629972826
2021/22,1,139,19.65821918,22.93843151
2021/22,1,141,19.27588556,21.80231608
2021/22,1,142,25.59972584,29.37863605
2021/22,1,143,35.83594282,45.32012253
2021/22,1,144,14.22222222,16.25327812
2021/22,1,145,17.89697802,21.06358516
2021/22,1,146,20.67356882,23.88615104
2021/22,1,147,15.24801412,17.66981465
2021/22,1,148,15.52162342,17.75626747
2021/22,1,149,38.89526412,48.81595628
2021/22,1,150,14.4247449,16.03133929
2021/22,1,151,38.39878788,52.72435152
2021/22,1,160,39.32648126,49.78538089
2021/22,2,35,7.470640569,3.971699288
2021/22,2,38,11.66427289,12.07718133
2021/22,2,43,2.971409122,0.870762423
2021/22,2,46,2.518552036,0.506733032
2021/22,2,48,3.055865922,0.407751397
2021/22,2,49,3.163279133,0.35397019
2021/22,2,56,2.959781868,0.592079073
2021/22,2,61,10.28169014,9.666021127
2021/22,2,62,3.116022099,0.678176796
2021/22,2,77,5.199519231,3.647379808
2021/22,2,78,3.315258512,1.464161412
2021/22,2,79,4.373309288,2.282741208
2021/22,2,80,4.769830028,3.350035411
2021/22,2,89,16.36808957,18.93258223
2021/22,2,90,22.03916084,26.70321678
2021/22,2,91,8.981699346,8.459934641
2021/22,2,92,5.821501014,4.267876944
2021/22,2,97,20.26170799,24.34634986
2021/22,2,98,6.42032967,4.796009615
2021/22,2,99,23.12636961,28.67549306
2021/22,2,119,12.5266229,13.93677608
2021/22,2,120,13.17191977,13.92317335
2021/22,2,121,28.90952707,41.54845099
2021/22,2,128,28.05539568,39.64720144
2021/22,2,129,32.07377648,48.50815194
2021/22,2,130,19.23316062,23.32897113
2021/22,2,131,28.99925484,39.53680328
2021/22,2,132,28.41253444,37.98470386
2021/22,2,133,25.35645041,31.88434004
2021/22,2,134,11.2017673,9.491200295
2021/22,2,137,21.02203182,26.20575275
2021/22,2,138,11.41576087,12.30224864
2021/22,2,139,23.47328767,29.52358904
2021/22,2,141,23.76158038,28.74273842
2021/22,2,142,27.75531186,35.18622344
2021/22,2,143,31.62491491,48.39807352
2021/22,2,144,16.7694962,20.30873706
2021/22,2,145,20.375,25.58554258
2021/22,2,146,24.57490865,30.6443849
2021/22,2,147,17.18534863,21.03173875
2021/22,2,148,17.90818363,21.3974318
2021/22,2,149,33.23679417,52.4932878
2021/22,2,150,19.03954082,23.16380102
2021/22,2,151,32.36606061,55.18527273
2021/22,2,160,33.66384522,54.68961306
2021/22,3,35,7.665480427,4.987838078
2021/22,3,38,8.506283662,10.05259425
2021/22,3,43,2.641933288,1.712872703
2021/22,3,46,2.383710407,1.796371041
2021/22,3,48,2.790502793,1.66476257
2021/22,3,49,2.903794038,1.670596206
2021/22,3,56,2.524880709,1.500995228
2021/22,3,61,7.458450704,7.964415493
2021/22,3,62,2.665745856,1.636035912
2021/22,3,77,6.242788462,7.466105769
2021/22,3,78,5.110970996,5.911134931
2021/22,3,79,6.904418395,7.8925789
2021/22,3,80,6.047450425,7.274412181
2021/22,3,89,15.98110567,20.28284815
2021/22,3,90,21.13076923,26.69460839
2021/22,3,91,9.419607843,11.81383007
2021/22,3,92,7.68356998,9.271994591
2021/22,3,97,18.9862259,23.84837466
2021/22,3,98,7.878434066,9.332733516
2021/22,3,99,22.39883126,28.41340394
2021/22,3,119,12.66520788,15.52827863
2021/22,3,120,13.32091691,16.75540115
2021/22,3,121,26.3550377,37.11403016
2021/22,3,128,25.50791367,35.01132374
2021/22,3,129,29.37691746,42.13550037
2021/22,3,130,17.4019245,21.98400444
2021/22,3,131,27.37779434,37.1121386
2021/22,3,132,26.39600551,35.21384298
2021/22,3,133,24.09246831,30.88412379
2021/22,3,134,12.20250368,12.39902798
2021/22,3,137,19.50917993,24.88099143
2021/22,3,138,11.91915761,14.80113451
2021/22,3,139,21.8890411,28.32014384
2021/22,3,141,22.07970027,28.12322888
2021/22,3,142,25.0719671,32.66845099
2021/22,3,143,28.41320626,41.35391423
2021/22,3,144,12.73153899,16.47338854
2021/22,3,145,16.02403846,20.94654533
2021/22,3,146,23.30816078,29.9264799
2021/22,3,147,13.21182701,17.11435128
2021/22,3,148,13.89886893,17.64365269
2021/22,3,149,29.99453552,45.39642077
2021/22,3,150,17.09821429,22.31079082
2021/22,3,151,29.68969697,47.12431515
2021/22,3,160,30.51390568,47.30678356
2021/22,4,35,8.169928826,5.775017794
2021/22,4,38,7.140933573,8.575888689
2021/22,4,43,2.840707965,2.353539823
2021/22,4,46,2.980995475,3.022570136
2021/22,4,48,3.120111732,2.73978352
2021/22,4,49,3.261517615,2.779817073
2021/22,4,56,2.623721881,2.190988412
2021/22,4,61,5.947887324,6.363633803
2021/22,4,62,2.892955801,2.397638122
2021/22,4,77,7.385817308,9.053798077
2021/22,4,78,7.997477932,10.08437579
2021/22,4,79,9.737601443,12.47241659
2021/22,4,80,7.413597734,9.168611898
2021/22,4,89,14.53673898,18.45709587
2021/22,4,90,19.37832168,23.71165734
2021/22,4,91,9.290196078,12.06433987
2021/22,4,92,9.073022312,11.50398918
2021/22,4,97,16.54269972,20.92594353
2021/22,4,98,8.710164835,10.88682005
2021/22,4,99,20.14463112,25.60546384
2021/22,4,119,12.28665208,14.89350839
2021/22,4,120,11.77507163,15.06996418
2021/22,4,121,22.34681289,30.38841672
2021/22,4,128,21.7294964,28.70156115
2021/22,4,129,24.55003652,34.18367421
2021/22,4,130,12.74241303,16.37433013
2021/22,4,131,23.59016393,31.23968703
2021/22,4,132,22.565427,29.17389118
2021/22,4,133,21.45488441,27.1157569
2021/22,4,134,12.80191458,12.9815243
2021/22,4,137,14.96328029,19.33838433
2021/22,4,138,11.36888587,14.00497283
2021/22,4,139,19.5239726,25.135
2021/22,4,141,20.2506812,25.22837193
2021/22,4,142,21.7114462,27.80498286
2021/22,4,143,23.45541184,32.9975017
2021/22,4,144,8.829537612,11.30020014
2021/22,4,145,11.2760989,14.84145604
2021/22,4,146,20.83556638,26.73014616
2021/22,4,147,9.600176523,12.4059135
2021/22,4,148,10.30405855,13.01083832
2021/22,4,149,24.90983607,36.53164845
2021/22,4,150,13.19005102,17.43771684
2021/22,4,151,25.04363636,37.72734545
2021/22,4,160,25.38331318,37.90246675
2021/22,5,35,11.79270463,8.526409253
2021/22,5,38,9.288779174,11.08230251
2021/22,5,43,3.800204221,3.702619469
2021/22,5,46,4.802171946,5.467746606
2021/22,5,48,4.449930168,4.548953212
2021/22,5,49,4.709281843,4.759325881
2021/22,5,56,3.620177232,3.584080436
2021/22,5,61,7.678309859,8.163866901
2021/22,5,62,4.121961326,4.109160912
2021/22,5,77,9.061778846,11.06125361
2021/22,5,78,14.85485498,18.11251955
2021/22,5,79,16.1915239,20.07503968
2021/22,5,80,9.172379603,11.30614589
2021/22,5,89,18.68460462,22.63430511
2021/22,5,90,23.65846154,28.69529231
2021/22,5,91,10.55137255,13.22513464
2021/22,5,92,11.61359026,14.37010548
2021/22,5,97,21.03636364,25.29515152
2021/22,5,98,10.39787088,12.83239148
2021/22,5,99,25.20277575,31.36697005
2021/22,5,119,15.83005106,19.24877243
2021/22,5,120,12.84620344,16.07662607
2021/22,5,121,26.05243317,34.05638451
2021/22,5,128,25.43294964,32.14014029
2021/22,5,129,28.44572681,38.01103433
2021/22,5,130,12.09430052,14.97639822
2021/22,5,131,27.91147541,35.3272459
2021/22,5,132,26.63409091,32.58608333
2021/22,5,133,25.80775541,32.16201491
2021/22,5,134,17.61215022,17.77344845
2021/22,5,137,14.97992656,18.57630722
2021/22,5,138,12.90706522,15.32533152
2021/22,5,139,24.04027397,30.03626096
2021/22,5,141,24.9972752,30.32211444
2021/22,5,142,25.98533242,32.27247704
2021/22,5,143,27.24690265,36.38898843
2021/22,5,144,9.318495514,11.35486197
2021/22,5,145,12.02671703,15.09952473
2021/22,5,146,25.92971985,32.52180146
2021/22,5,147,10.24660194,12.89708738
2021/22,5,148,11.26786427,14.06615303
2021/22,5,149,29.06885246,40.42661293
2021/22,5,150,13.0877551,16.83110842
2021/22,5,151,29.37866667,41.80248
2021/22,5,160,29.72261185,41.91309915
2021/22,6,35,8.068505338,9.606797153
2021/22,6,38,5.830341113,12.17767504
2021/22,6,43,2.307692308,4.044125255
2021/22,6,46,3.102262443,6.425022624
2021/22,6,48,2.462988827,4.901138268
2021/22,6,49,2.99796748,5.431802168
2021/22,6,56,2.440354465,4.149338787
2021/22,6,61,5.047183099,9.75865493
2021/22,6,62,2.658839779,4.803777624
2021/22,6,77,4.272836538,9.089855769
2021/22,6,78,11.04918033,23.10174023
2021/22,6,79,9.924256087,20.92017133
2021/22,6,80,3.511331445,7.419879603
2021/22,6,89,11.3519944,22.80281316
2021/22,6,90,13.97482517,28.32223776
2021/22,6,91,4.050980392,8.791882353
2021/22,6,92,5.104800541,10.72993239
2021/22,6,97,12.66391185,24.89566116
2021/22,6,98,4.464285714,8.696263736
2021/22,6,99,14.48356465,30.22483565
2021/22,6,119,9.551422319,19.58773158
2021/22,6,120,6.063037249,12.58063037
2021/22,6,121,14.01507882,30.9098218
2021/22,6,128,13.49496403,29.33492086
2021/22,6,129,15.19576333,34.6441198
2021/22,6,130,5.441894893,10.60800888
2021/22,6,131,15.23546945,32.44479881
2021/22,6,132,14.33195592,29.60212121
2021/22,6,133,14.58538404,30.63506339
2021/22,6,134,11.33946981,19.05865243
2021/22,6,137,6.862913097,13.97310894
2021/22,6,138,5.807744565,11.58540761
2021/22,6,139,14.11712329,28.74980822
2021/22,6,141,14.08378747,28.7321594
2021/22,6,142,14.45647704,30.03944483
2021/22,6,143,15.04356705,33.17562968
2021/22,6,144,5.46652864,10.65365079
2021/22,6,145,6.839285714,13.86590659
2021/22,6,146,15.11084044,30.65526188
2021/22,6,147,5.291262136,11.31936452
2021/22,6,148,6.175648703,12.85631404
2021/22,6,149,15.92531876,36.5332969
2021/22,6,150,5.581632653,11.70992347
2021/22,6,151,16.12363636,38.00069091
2021/22,6,160,16.18137848,37.91818622
2021/22,7,35,12.49199288,9.893807829
2021/22,7,38,9.672351885,12.50282765
2021/22,7,43,3.746085773,4.489482641
2021/22,7,46,5.351131222,7.205095023
2021/22,7,48,4.141759777,5.498701117
2021/22,7,49,5.287262873,6.213421409
2021/22,7,56,4.185412406,4.899754601
2021/22,7,61,9.047183099,10.75077465
2021/22,7,62,4.664364641,5.436754144
2021/22,7,77,6.213942308,8.470108173
2021/22,7,78,18.66708701,25.11363178
2021/22,7,79,13.69431921,18.40658251
2021/22,7,80,3.5601983,4.811713881
2021/22,7,89,19.18264521,23.85837649
2021/22,7,90,22.41258741,28.72792308
2021/22,7,91,4.31503268,5.848705882
2021/22,7,92,5.630831643,7.121446924
2021/22,7,97,20.11914601,24.87050964
2021/22,7,98,4.798763736,5.421353022
2021/22,7,99,23.05697589,29.70653762
2021/22,7,119,15.72574763,19.98067834
2021/22,7,120,8.736389685,11.12081662
2021/22,7,121,22.30294722,29.5220562
2021/22,7,128,21.68345324,28.13922302
2021/22,7,129,24.53323594,33.37696129
2021/22,7,130,7.520355292,9.364159882
2021/22,7,131,24.0119225,31.2371237
2021/22,7,132,22.4731405,28.42093664
2021/22,7,133,23.13348248,30.08609993
2021/22,7,134,18.01399116,19.58647275
2021/22,7,137,9.812729498,12.45386781
2021/22,7,138,6.961277174,8.682486413
2021/22,7,139,21.64794521,28.04613699
2021/22,7,141,21.91416894,28.01018392
2021/22,7,142,22.57916381,28.78404387
2021/22,7,143,23.78352621,32.1128727
2021/22,7,144,8.507246377,10.76974465
2021/22,7,145,10.56662088,13.67924451
2021/22,7,146,23.37880633,29.57019488
2021/22,7,147,8.296557811,10.98725508
2021/22,7,148,9.399201597,12.25789754
2021/22,7,149,25.06284153,35.34225865
2021/22,7,150,7.447704082,9.234298469
2021/22,7,151,25.49818182,36.79962424
2021/22,7,160,25.61789601,36.85004837
2021/22,8,35,14.21779359,11.47885231
2021/22,8,38,11.22710952,14.93704219
2021/22,8,43,5.06943499,6.679560926
2021/22,8,46,7.705972851,10.54076742
2021/22,8,48,6.371089385,8.596461592
2021/22,8,49,7.448848238,9.450661924
2021/22,8,56,5.823176551,7.569754601
2021/22,8,61,9.731901408,12.18858873
2021/22,8,62,6.258149171,7.824289365
2021/22,8,77,7.602163462,10.62131971
2021/22,8,78,18.55018916,25.17560151
2021/22,8,79,9.388187556,13.68640036
2021/22,8,80,3.738597734,5.198738669
2021/22,8,89,21.77984605,27.92511267
2021/22,8,90,24.75615385,32.42972308
2021/22,8,91,4.174248366,5.777473203
2021/22,8,92,3.888302907,5.332419202
2021/22,8,97,21.31136364,27.27632576
2021/22,8,98,3.993543956,4.395482143
2021/22,8,99,25.56676406,33.20598685
2021/22,8,119,17.20685631,22.78647192
2021/22,8,120,8.09004298,11.29335172
2021/22,8,121,23.70993831,32.29636943
2021/22,8,128,23.53920863,31.09610576
2021/22,8,129,27.30394449,37.57096202
2021/22,8,130,6.601628423,9.123828275
2021/22,8,131,26.38852459,34.08668033
2021/22,8,132,24.51969697,31.27593939
2021/22,8,133,25.56905295,33.55639821
2021/22,8,134,18.84094256,21.49253387
2021/22,8,137,8.828274174,12.04622521
2021/22,8,138,5.143546196,6.765680027
2021/22,8,139,23.01486301,30.99680205
2021/22,8,141,23.91825613,31.04405313
2021/22,8,142,23.86901988,30.86030775
2021/22,8,143,25.23635126,34.89432131
2021/22,8,144,8.810628019,11.83405659
2021/22,8,145,10.54972527,14.63512225
2021/22,8,146,24.09683313,31.9762095
2021/22,8,147,9.812621359,13.52586408
2021/22,8,148,9.758017299,13.36447305
2021/22,8,149,27.49398907,39.14189709
2021/22,8,150,6.785204082,9.06217602
2021/22,8,151,27.06133333,40.0362
2021/22,8,160,28.22224909,40.92061185
2021/22,9,35,15.92793594,13.91751779
2021/22,9,38,13.85368043,19.26745063
2021/22,9,43,8.839346494,11.96631722
2021/22,9,46,12.24886878,16.85988235
2021/22,9,48,10.6627095,14.67549581
2021/22,9,49,11.46544715,15.47547425
2021/22,9,56,9.341513292,12.91398773
2021/22,9,61,12.11338028,15.20990845
2021/22,9,62,9.401243094,12.88513122
2021/22,9,77,11.12379808,14.71308894
2021/22,9,78,16.9924338,22.64530895
2021/22,9,79,7.03336339,9.125653742
2021/22,9,80,6.934844193,8.962974504
2021/22,9,89,24.49825052,33.04675997
2021/22,9,90,26.96153846,37.22575524
2021/22,9,91,7.039215686,8.948339869
2021/22,9,92,5.626098715,6.940689655
2021/22,9,97,22.87052342,30.61159091
2021/22,9,98,5.269230769,6.539278846
2021/22,9,99,28.18918919,38.65365961
2021/22,9,119,19.25091174,26.20085339
2021/22,9,120,10.56661891,14.26385387
2021/22,9,121,26.16312543,36.21783413
2021/22,9,128,25.54964029,35.04443885
2021/22,9,129,29.73265157,43.15727538
2021/22,9,130,7.843079201,9.963723168
2021/22,9,131,28.05961252,38.06578241
2021/22,9,132,26.4738292,35.54911846
2021/22,9,133,27.6689038,38.00629381
2021/22,9,134,21.37923417,24.63261414
2021/22,9,137,9.269277846,12.22436965
2021/22,9,138,5.591032609,6.452112772
2021/22,9,139,25.87465753,36.07185616
2021/22,9,141,26.22615804,35.99112398
2021/22,9,142,26.09047293,35.34930089
2021/22,9,143,27.3519401,39.03672566
2021/22,9,144,11.07453416,15.36647343
2021/22,9,145,14.01098901,19.48763049
2021/22,9,146,27.00243605,36.75460414
2021/22,9,147,13.22859665,18.84736981
2021/22,9,148,12.99001996,18.21482369
2021/22,9,149,29.58925319,44.63234973
2021/22,9,150,9.198979592,12.51260204
2021/22,9,151,29.47636364,44.58923636
2021/22,9,160,30.66868198,46.71819831
2021/22,10,35,18.30427046,17.84102313
2021/22,10,38,16.19748654,25.99420108
2021/22,10,43,12.71000681,20.35991831
2021/22,10,46,16.33665158,25.84497738
2021/22,10,48,14.51885475,23.35252793
2021/22,10,49,15.41802168,24.0647019
2021/22,10,56,13.05453306,20.81141786
2021/22,10,61,13.74366197,20.34424648
2021/22,10,62,13.51174033,20.95246547
2021/22,10,77,14.25600962,21.5346875
2021/22,10,78,13.38209332,21.17572509
2021/22,10,79,5.166816952,7.322046889
2021/22,10,80,10.20750708,16.26419263
2021/22,10,89,26.3729881,40.22463261
2021/22,10,90,28.25874126,43.9531049
2021/22,10,91,9.737254902,15.16211765
2021/22,10,92,7.554428668,11.52297498
2021/22,10,97,23.63980716,36.00831956
2021/22,10,98,7.986263736,12.51043269
2021/22,10,99,30.34404675,46.52459459
2021/22,10,119,20.09044493,30.86301969
2021/22,10,120,12.93338109,20.80812321
2021/22,10,121,27.01576422,41.74479781
2021/22,10,128,26.2676259,40.21882014
2021/22,10,129,31.06355004,49.95739226
2021/22,10,130,10.16580311,15.4350037
2021/22,10,131,28.78464978,43.33097615
2021/22,10,132,27.60812672,41.30166667
2021/22,10,133,28.64578673,43.52733035
2021/22,10,134,23.1826215,29.5145729
2021/22,10,137,10.43574051,16.21903305
2021/22,10,138,6.822690217,9.033783967
2021/22,10,139,28.46643836,44.38504795
2021/22,10,141,28.22207084,43.12904632
2021/22,10,142,28.50993831,43.13128855
2021/22,10,143,28.48127978,45.07252553
2021/22,10,144,14.10697032,22.72012422
2021/22,10,145,17.37362637,27.71877747
2021/22,10,146,29.2180268,44.39611449
2021/22,10,147,16.22947926,26.33117387
2021/22,10,148,16.54557552,26.529002
2021/22,10,149,31.05191257,51.68710383
2021/22,10,150,12.25,19.78887755
2021/22,10,151,30.76121212,51.94162424
2021/22,10,160,32.34824667,54.32397823
2021/22,11,35,18.73736655,18.02874021
2021/22,11,38,18.13859964,26.83245242
2021/22,11,43,16.53206263,24.02635807
2021/22,11,46,19.51710407,28.4833448
2021/22,11,48,17.98156425,26.46907821
2021/22,11,49,18.85745257,27.04706775
2021/22,11,56,16.35228357,24.01724881
2021/22,11,61,15.13915493,20.69612394
2021/22,11,62,17.32872928,24.75772928
2021/22,11,77,15.9,22.96216346
2021/22,11,78,9.957124842,14.73671627
2021/22,11,79,5.080613165,6.379065825
2021/22,11,80,12.4878187,18.50445892
2021/22,11,89,25.52442267,38.33959412
2021/22,11,90,26.49566434,40.71352168
2021/22,11,91,12.45594771,18.30591373
2021/22,11,92,10.06842461,14.14136038
2021/22,11,97,22.69366391,33.64701928
2021/22,11,98,11.90989011,17.28606593
2021/22,11,99,28.59138057,43.76257122
2021/22,11,119,18.90182349,28.35409482
2021/22,11,120,15.93123209,23.48800573
2021/22,11,121,25.04784099,38.1454037
2021/22,11,128,24.25956835,36.66635396
2021/22,11,129,28.08648649,45.55208181
2021/22,11,130,14.11754256,20.65202073
2021/22,11,131,26.29985097,39.53103428
2021/22,11,132,25.89090909,38.12067769
2021/22,11,133,26.36897837,39.79911111
2021/22,11,134,21.44212077,27.42506627
2021/22,11,137,12.89106487,18.87270502
2021/22,11,138,8.849456522,11.08310326
2021/22,11,139,27.97917808,43.61459178
2021/22,11,141,27.12588556,41.58061035
2021/22,11,142,27.6989719,42.66561206
2021/22,11,143,26.27528931,41.74218108
2021/22,11,144,17.5094548,26.36172809
2021/22,11,145,20.45,30.26840659
2021/22,11,146,27.69403167,42.59013886
2021/22,11,147,18.62947926,28.0219594
2021/22,11,148,19.94677312,29.63503925
2021/22,11,149,28.57777778,48.17277231
2021/22,11,150,15.53469388,23.38420408
2021/22,11,151,28.59345455,47.52525576
2021/22,11,160,29.74703748,49.93239178
2021/22,12,35,32.73576512,24.93367438
2021/22,12,38,30.85637343,36.03421903
2021/22,12,43,31.99659632,37.21683458
2021/22,12,46,36.01628959,41.828181
2021/22,12,48,34.87918994,40.5328352
2021/22,12,49,36.40176152,41.62773035
2021/22,12,56,31.86707566,37.74214724
2021/22,12,61,26.5415493,28.71046479
2021/22,12,62,34.15262431,39.83484116
2021/22,12,77,26.27644231,28.55918269
2021/22,12,78,11.98738966,13.17520807
2021/22,12,79,9.183047791,9.359549143
2021/22,12,80,19.40014164,21.60308782
2021/22,12,89,40.74527642,47.85545136
2021/22,12,90,42.13426573,50.0241049
2021/22,12,91,23.33464052,26.96865359
2021/22,12,92,18.91075051,21.72483435
2021/22,12,97,36.47865014,43.2085124
2021/22,12,98,24.89423077,29.04103709
2021/22,12,99,47.27027027,56.27756757
2021/22,12,119,29.1086798,33.3780671
2021/22,12,120,30.85744986,35.68198424
2021/22,12,121,39.9993146,47.52170665
2021/22,12,128,38.24820144,45.40263309
2021/22,12,129,45.62308254,55.7855515
2021/22,12,130,28.88527017,33.61223538
2021/22,12,131,42.29061103,49.85205663
2021/22,12,132,42.53719008,49.30123967
2021/22,12,133,43.19388516,51.27914243
2021/22,12,134,33.81885125,33.04572165
2021/22,12,137,25.38066095,29.65674419
2021/22,12,138,16.45991848,17.13386549
2021/22,12,139,47.64109589,58.26740411
2021/22,12,141,45.79836512,54.98424387
2021/22,12,142,47.12337217,57.20124058
2021/22,12,143,42.94690265,52.32949626
2021/22,12,144,33.62801932,39.81978606
2021/22,12,145,38.44368132,44.60855082
2021/22,12,146,44.88915956,52.98186358
2021/22,12,147,32.46248897,38.35852604
2021/22,12,148,37.13972056,43.39957418
2021/22,12,149,47.56648452,60.58505464
2021/22,12,150,28.79209184,34.37174745
2021/22,12,151,45.47272727,54.46843636
2021/22,12,160,48.8452237,61.2231318
2021/22,13,35,25.64679715,21.3838968
2021/22,13,38,21.47935368,30.26967684
2021/22,13,43,26.81892444,37.18859769
2021/22,13,46,30.03529412,41.24704072
2021/22,13,48,29.81773743,42.25048184
2021/22,13,49,31.97764228,44.06416667
2021/22,13,56,28.2801636,39.98894342
2021/22,13,61,18.91549296,24.59810563
2021/22,13,62,30.41229282,42.78247928
2021/22,13,77,19.31009615,25.99158654
2021/22,13,78,5.693568726,8.789293821
2021/22,13,79,6.975653742,10.78132552
2021/22,13,80,13.32932011,19.14140935
2021/22,13,89,29.27711686,39.54531141
2021/22,13,90,30.56713287,41.48261538
2021/22,13,91,19.84705882,27.90733333
2021/22,13,92,16.54022989,24.60969574
2021/22,13,97,26.39187328,38.01800275
2021/22,13,98,22.4168956,32.92146291
2021/22,13,99,35.49890431,49.49771366
2021/22,13,119,19.75565281,26.40463166
2021/22,13,120,25.01002865,35.44261461
2021/22,13,121,27.5702536,38.04444825
2021/22,13,128,25.79928058,36.20035252
2021/22,13,129,32.47845142,44.3963477
2021/22,13,130,24.57438934,34.68334567
2021/22,13,131,30.5685544,41.93151267
2021/22,13,132,31.64118457,44.32006887
2021/22,13,133,32.66592095,45.79041014
2021/22,13,134,25.00662739,26.52456554
2021/22,13,137,22.03182375,32.32578947
2021/22,13,138,13.56793478,18.49582201
2021/22,13,139,37.27876712,52.39171918
2021/22,13,141,35.31880109,49.97623978
2021/22,13,142,37.31939685,52.42644277
2021/22,13,143,31.57998639,44.51326753
2021/22,13,144,28.49137336,40.61750863
2021/22,13,145,31.90041209,44.20255495
2021/22,13,146,32.56881851,43.62943971
2021/22,13,147,24.21535746,33.61564872
2021/22,13,148,30.56686627,42.65135063
2021/22,13,149,36.29872495,49.81897086
2021/22,13,150,23.53061224,33.85871173
2021/22,13,151,32.84363636,44.58726061
2021/22,13,160,36.18137848,50.99876663
2021/22,14,35,33.40320285,27.29741014
2021/22,14,38,31.05969479,41.45622531
2021/22,14,43,39.4966644,52.10547243
2021/22,14,46,44.2518552,58.40553032
2021/22,14,48,44.56920391,59.24697556
2021/22,14,49,46.74254743,61.23666463
2021/22,14,56,41.31860941,56.06531288
2021/22,14,61,28.66352113,35.37844014
2021/22,14,62,43.81767956,59.04515884
2021/22,14,77,33.67692308,43.06815986
2021/22,14,78,8.841614124,11.615029
2021/22,14,79,17.20027051,23.08535978
2021/22,14,80,27.23746459,36.16454108
2021/22,14,89,42.69216235,57.64013856
2021/22,14,90,43.17923077,57.52741538
2021/22,14,91,34.94261438,46.33381176
2021/22,14,92,30.88478702,42.25465923
2021/22,14,97,37.13712121,51.13259848
2021/22,14,98,37.12348901,49.92192857
2021/22,14,99,45.82878013,61.51354273
2021/22,14,119,28.85032823,38.13120715
2021/22,14,120,39.80014327,53.09280014
2021/22,14,121,36.39198081,49.09413845
2021/22,14,128,32.68107914,44.23961799
2021/22,14,129,40.24601899,53.5362447
2021/22,14,130,39.2034789,52.0526758
2021/22,14,131,41.36557377,55.48661475
2021/22,14,132,42.5469697,56.49882576
2021/22,14,133,44.07136465,59.23231767
2021/22,14,134,34.66377025,36.95114654
2021/22,14,137,36.63255814,49.58212974
2021/22,14,138,23.95115489,30.36215965
2021/22,14,139,47.74376712,64.19218767
2021/22,14,141,46.59564033,62.27820845
2021/22,14,142,48.95339273,65.231244
2021/22,14,143,39.83961879,54.34615521
2021/22,14,144,41.80910973,56.76437267
2021/22,14,145,45.08413462,59.8050886
2021/22,14,146,43.28855055,57.13578197
2021/22,14,147,35.72718447,47.01759223
2021/22,14,148,45.60938124,60.71098337
2021/22,14,149,46.95837887,63.53632058
2021/22,14,150,38.40739796,51.6905574
2021/22,14,151,42.64266667,58.23556
2021/22,14,160,45.18778718,61.36518259
2021/22,15,35,44.33985765,17.99759786
2021/22,15,38,46.61490126,28.38887792
2021/22,15,43,56.82573179,35.40996596
2021/22,15,46,62.57737557,39.26737557
2021/22,15,48,61.5872905,38.45986732
2021/22,15,49,64.33130081,39.11990515
2021/22,15,56,56.40490798,36.50346285
2021/22,15,61,43.83239437,24.94480986
2021/22,15,62,59.96477901,37.49237569
2021/22,15,77,55.18870192,33.83133413
2021/22,15,78,17.17276166,9.398196721
2021/22,15,79,40.06582507,24.44784491
2021/22,15,80,49.30028329,30.31152975
2021/22,15,89,58.3170049,36.04827152
2021/22,15,90,58.77762238,35.77067832
2021/22,15,91,55.49542484,34.12488889
2021/22,15,92,49.76064909,30.49388776
2021/22,15,97,51.47038567,31.96373278
2021/22,15,98,54.81936813,33.23054258
2021/22,15,99,59.40248356,36.62050402
2021/22,15,119,40.91393144,25.09333333
2021/22,15,120,58.25644699,35.16922636
2021/22,15,121,47.73337903,29.74998629
2021/22,15,128,42.61223022,26.28563309
2021/22,15,129,51.34915997,31.99243243
2021/22,15,130,58.61361954,35.88226499
2021/22,15,131,56.19448584,34.28133383
2021/22,15,132,56.87396694,34.35438705
2021/22,15,133,58.53840418,35.82589858
2021/22,15,134,47.56111929,24.72552283
2021/22,15,137,56.27662179,33.98616891
2021/22,15,138,41.31589674,23.75475543
2021/22,15,139,60.74520548,38.23074658
2021/22,15,141,59.91621253,37.20099455
2021/22,15,142,62.08498972,38.74915696
2021/22,15,143,50.36078965,31.40068754
2021/22,15,144,57.84679089,35.77810904
2021/22,15,145,60.00480769,36.91186126
2021/22,15,146,58.22168088,36.16188794
2021/22,15,147,54.74227714,33.58075905
2021/22,15,148,66.70459082,41.45067199
2021/22,15,149,60.31967213,37.62897996
2021/22,15,150,59.80484694,36.92604592
2021/22,15,151,54.13818182,34.20236364
2021/22,15,160,58.96009674,36.40663845
2021/22,16,35,43.1930605,26.0599911
2021/22,16,38,43.45421903,42.1420018
2021/22,16,43,56.56977536,54.46658952
2021/22,16,46,61.45882353,59.16162896
2021/22,16,48,59.22765363,56.9299581
2021/22,16,49,62.37669377,57.52445799
2021/22,16,56,55.95978187,55.09884117
2021/22,16,61,41.18802817,36.85094366
2021/22,16,62,58.18232044,55.52139503
2021/22,16,77,54.76322115,52.00240385
2021/22,16,78,23.62799496,21.81240858
2021/22,16,79,46.1496844,44.35027051
2021/22,16,80,51.25212465,48.77813031
2021/22,16,89,52.95241428,50.58675997
2021/22,16,90,54.09440559,50.53351049
2021/22,16,91,55.11372549,51.77486275
2021/22,16,92,50.23258959,47.44481406
2021/22,16,97,45.34504132,44.3246832
2021/22,16,98,52.9271978,49.36771978
2021/22,16,99,52.09788167,49.85307524
2021/22,16,119,37.59883297,35.89595915
2021/22,16,120,55.47206304,51.56818052
2021/22,16,121,39.33516107,38.89421522
2021/22,16,128,33.73093525,33.1901223
2021/22,16,129,42.89992695,42.18481373
2021/22,16,130,57.29311621,53.22824574
2021/22,16,131,50.16169896,47.41383756
2021/22,16,132,50.93319559,47.56424931
2021/22,16,133,51.69574944,48.90917226
2021/22,16,134,45.97496318,35.89019146
2021/22,16,137,57.5495716,52.53801714
2021/22,16,138,43.63654891,38.86911685
2021/22,16,139,55.06575342,52.6080274
2021/22,16,141,54.45776567,51.64739101
2021/22,16,142,56.25154215,53.40228924
2021/22,16,143,40.96664398,40.15650783
2021/22,16,144,54.71359558,51.24745342
2021/22,16,145,55.42513736,51.78828984
2021/22,16,146,52.64677223,50.13851401
2021/22,16,147,55.71315093,52.13023831
2021/22,16,148,69.46307385,64.71046574
2021/22,16,149,52.09107468,49.70959016
2021/22,16,150,61.29846939,56.76012755
2021/22,16,151,45.19878788,44.38438788
2021/22,16,160,52.58162031,49.7141838
2021/22,17,35,46.98398577,21.23816726
2021/22,17,38,49.29533214,34.70938959
2021/22,17,43,70.98706603,49.86432267
2021/22,17,46,76.3719457,53.83952941
2021/22,17,48,73.86452514,51.53067039
2021/22,17,49,76.55420054,51.93332656
2021/22,17,56,69.91138378,50.58740968
2021/22,17,61,48.02887324,31.2339507
2021/22,17,62,72.67679558,50.14718923
2021/22,17,77,70.28605769,48.05102163
2021/22,17,78,48.1740227,31.99857503
2021/22,17,79,64.15870153,43.63944094
2021/22,17,80,69.11614731,46.37356941
2021/22,17,89,63.63191043,43.60163751
2021/22,17,90,66.46783217,44.5341958
2021/22,17,91,70.73333333,47.86538562
2021/22,17,92,66.54225828,45.05615957
2021/22,17,97,53.67837466,37.93641185
2021/22,17,98,66.11881868,44.66275412
2021/22,17,99,59.88385683,41.67246165
2021/22,17,119,46.32312181,31.62660832
2021/22,17,120,69.36962751,46.25174785
2021/22,17,121,42.80877313,30.57953393
2021/22,17,128,35.24460432,24.8607482
2021/22,17,129,46.78378378,33.29078159
2021/22,17,130,72.68541821,48.635396
2021/22,17,131,58.54247392,40.1321237
2021/22,17,132,59.46280992,40.23471763
2021/22,17,133,59.61521253,40.99654735
2021/22,17,134,55.53019146,31.68779823
2021/22,17,137,74.20563035,49.12567931
2021/22,17,138,59.35733696,37.6158356
2021/22,17,139,66.05958904,45.41881507
2021/22,17,141,65.11103542,44.58086512
2021/22,17,142,66.86908842,45.753427
2021/22,17,143,41.52280463,29.93461538
2021/22,17,144,66.66666667,45.04914424
2021/22,17,145,68.98145604,45.97352335
2021/22,17,146,61.93422655,42.64696711
2021/22,17,147,72.40423654,49.23525154
2021/22,17,148,84.97338656,59.28862941
2021/22,17,149,51.79781421,37.35351548
2021/22,17,150,80.66836735,54.19857143
2021/22,17,151,44.9369697,33.03363636
2021/22,17,160,56.52962515,39.60649335
2022/23,0,4,1.432998325,0
2022/23,0,9,1.777702243,0
2022/23,0,14,2.294156707,0
2022/23,0,15,1.659144893,0
2022/23,0,19,3.93891558,0
2022/23,0,23,2.205801105,0
2022/23,0,24,3.830163043,0
2022/23,0,27,4.474322397,0
2022/23,0,28,4.360406091,0
2022/23,0,30,2.521008403,0
2022/23,0,31,2.526172672,0
2022/23,0,35,2.87455516,0.082811388
2022/23,0,39,3.173249551,0.215960503
2022/23,0,40,4.223782772,0.519138577
2022/23,0,41,4.174982912,0
2022/23,0,45,2.87544484,0.00319395
2022/23,0,46,2.371945701,0
2022/23,0,47,2.614814815,0
2022/23,0,48,2.630586592,0
2022/23,0,49,3.304878049,0.002852304
2022/23,0,50,2.63349348,0.000404942
2022/23,0,52,2,0
2022/23,0,53,3.061182869,0
2022/23,0,55,3.761904762,0
2022/23,0,56,3.717791411,0
2022/23,0,57,3.817234848,0.37844697
2022/23,0,58,2.76,0.319251613
2022/23,0,59,3.161713287,0.203715035
2022/23,0,60,3.89058296,0
2022/23,0,61,3.603521127,0.002211268
2022/23,0,63,3.334459459,0.01525
2022/23,0,64,3.311241066,0
2022/23,0,67,3.471818182,0
2022/23,0,68,3.311670161,0
2022/23,0,69,5.565217391,5.781142857
2022/23,0,70,3.337850045,0.000261969
2022/23,0,71,3.409906676,0
2022/23,0,72,2.786703601,0
2022/23,0,73,2.778195489,0
2022/23,0,74,3.118609407,0.00605317
2022/23,0,75,4.763747454,4.107189409
2022/23,0,77,2.766826923,0.519362981
2022/23,0,78,9.731399748,10.45300126
2022/23,0,79,6.571686204,6.150811542
2022/23,0,80,6.588526912,6.575906516
2022/23,0,81,2.672426206,0
2022/23,0,83,2.161172161,0
2022/23,0,84,3.390866353,0
2022/23,0,85,3.068548387,0.002540323
2022/23,0,86,3.73902133,0
2022/23,0,87,3.933890049,0
2022/23,0,88,3.530598053,0
2022/23,0,89,4.77606718,4.502050385
2022/23,0,91,6.805228758,7.008169935
2022/23,0,93,3.581575246,2.284219409
2022/23,0,94,3.942081448,1.96079638
2022/23,0,95,3.010615711,1.426093418
2022/23,0,96,2.064171123,0.67209893
2022/23,0,97,2.53030303,0.617768595
2022/23,0,98,3.510989011,2.182994505
2022/23,0,102,3.392405063,0
2022/23,0,103,2.598051157,0
2022/23,0,104,3.877288136,0
2022/23,0,106,4.126522327,0
2022/23,0,108,3.271940667,0
2022/23,0,111,3.721804511,0
2022/23,0,112,3.480417755,0
2022/23,0,114,4.222068966,0
2022/23,0,117,2.943195266,0
2022/23,0,118,4.182374541,3.799926561
2022/23,0,120,4.99713467,4.716296562
2022/23,0,122,3.549718574,0
2022/23,0,123,2.706535142,0.186831073
2022/23,0,124,3.380053908,0.695624438
2022/23,0,125,9.045883941,5.21708502
2022/23,0,126,5.601365188,2.979474403
2022/23,0,127,2.175287356,0.159727011
2022/23,0,135,4.312046444,1.995703919
2022/23,0,139,2.434931507,0.125061644
2022/23,0,141,2.54359673,0.512881471
2022/23,0,142,3.572995202,3.271000685
2022/23,0,143,4.274336283,4.233076923
2022/23,0,145,0.817307692,0
2022/23,0,146,3.757612667,3.901388551
2022/23,0,147,7.802294793,8.287696381
2022/23,0,148,2.947438456,1.580864937
2022/23,0,150,5.996173469,6.295497449
2022/23,0,152,3.302521008,0.704993998
2022/23,0,153,3.267721955,0
2022/23,0,154,3.111486486,0.012844595
2022/23,0,155,3.185803758,0.004070981
2022/23,0,160,1.212817412,0
2022/23,0,161,7.863198459,4.280096339
2022/23,0,162,7.437325905,5.164280409
2022/23,0,163,4.248192771,2.637228916
2022/23,0,164,11.57692308,7.031065089
2022/23,0,165,9.151046406,5.330737034
2022/23,1,4,1.719430486,0
2022/23,1,9,2.242692046,0
2022/23,1,14,2.666666667,0
2022/23,1,15,1.856294537,0
2022/23,1,19,2.875085793,0
2022/23,1,23,2.754143646,0
2022/23,1,24,2.872961957,0
2022/23,1,27,3.341654779,0.013680456
2022/23,1,28,3.535532995,0
2022/23,1,30,2.827731092,0
2022/23,1,31,2.755948334,0.000176751
2022/23,1,35,2.890569395,1.253683274
2022/23,1,39,2.84021544,1.090448833
2022/23,1,40,3.70505618,1.425271536
2022/23,1,41,3.098427888,0.000963773
2022/23,1,45,2.603202847,0.198158363
2022/23,1,46,1.950226244,0.066190045
2022/23,1,47,2.334567901,0.014814815
2022/23,1,48,2.198324022,0.017744413
2022/23,1,49,3.064363144,0.409864499
2022/23,1,50,2.667124228,0.041166781
2022/23,1,52,2.728571429,0
2022/23,1,53,3.186267845,0
2022/23,1,55,2.624022743,0
2022/23,1,56,2.7532379,0.007157464
2022/23,1,57,3.623106061,1.397414773
2022/23,1,58,3.438709677,1.650141935
2022/23,1,59,3.160839161,1.258041958
2022/23,1,60,2.766816143,0
2022/23,1,61,2.686619718,0.067394366
2022/23,1,63,3.24527027,0.322486486
2022/23,1,64,3.40545809,0.030383366
2022/23,1,67,2.964545455,0.003127273
2022/23,1,68,3.387141859,0.073466108
2022/23,1,69,11.92670807,14.72414907
2022/23,1,70,3.021680217,0.175474255
2022/23,1,71,3.020818378,0.008930366
2022/23,1,72,3.237534626,0
2022/23,1,73,2.489974937,0.038809524
2022/23,1,74,2.929107021,0.318043626
2022/23,1,75,9.284453496,10.46869654
2022/23,1,77,3.971153846,3.570853365
2022/23,1,78,13.75157629,16.63571248
2022/23,1,79,10.01983769,11.34635708
2022/23,1,80,11.55169972,13.97031161
2022/23,1,81,2.641468683,0.001900648
2022/23,1,83,2.542124542,0.001636142
2022/23,1,84,3.015446608,0.031148422
2022/23,1,85,2.783602151,0.089590054
2022/23,1,86,2.808030113,0
2022/23,1,87,2.926931106,0.009359777
2022/23,1,88,2.417941586,0
2022/23,1,89,8.66620014,9.931364591
2022/23,1,91,11.2875817,13.39414379
2022/23,1,93,7.281997187,7.71173699
2022/23,1,94,8.669683258,5.43118552
2022/23,1,95,7.233545648,4.538931352
2022/23,1,96,3.860962567,3.870721925
2022/23,1,97,4.199035813,3.90231405
2022/23,1,98,6.682692308,7.165714286
2022/23,1,102,2.45443038,0
2022/23,1,103,1.962241169,0
2022/23,1,104,2.843389831,0
2022/23,1,106,3.182002706,0
2022/23,1,108,2.446229913,0
2022/23,1,111,2.620300752,0
2022/23,1,112,2.536118364,0
2022/23,1,114,3.186896552,0.000186207
2022/23,1,117,2.241420118,0.000390533
2022/23,1,118,8.651162791,9.746634027
2022/23,1,120,10.16762178,12.08187679
2022/23,1,122,2.619136961,9.38E-05
2022/23,1,123,3.199753391,1.43595561
2022/23,1,124,5.548068284,2.614824798
2022/23,1,125,14.27665317,9.906147099
2022/23,1,126,9.032081911,5.81996587
2022/23,1,127,3.040948276,2.503175287
2022/23,1,135,9.656023222,6.065878084
2022/23,1,139,2.325342466,0.007027397
2022/23,1,141,1.866485014,0.021989101
2022/23,1,142,6.854009596,7.677909527
2022/23,1,143,8.361470388,9.807964602
2022/23,1,145,1.690934066,0
2022/23,1,146,8.405602923,9.85498173
2022/23,1,147,13.06178288,16.17131509
2022/23,1,148,6.037924152,6.321457086
2022/23,1,150,9.691326531,11.49058673
2022/23,1,152,5.781512605,2.770804322
2022/23,1,153,2.754301445,0.067019959
2022/23,1,154,3.031756757,0.847628378
2022/23,1,155,2.750869868,0.509171886
2022/23,1,160,1.92382104,0
2022/23,1,161,12.01926782,7.938208092
2022/23,1,162,11.63509749,9.500622098
2022/23,1,163,7.171084337,5.059819277
2022/23,1,164,15.20315582,10.55699211
2022/23,1,165,13.07188353,8.930009099
2022/23,2,4,2.226130653,3.35E-05
2022/23,2,9,2.900747791,0.016573759
2022/23,2,14,2.862549801,0.009223108
2022/23,2,15,2.217339667,0.05807601
2022/23,2,19,2.337680165,0.034852437
2022/23,2,23,3.23480663,0.04461326
2022/23,2,24,2.438179348,0.03622962
2022/23,2,27,2.861626248,0.45307418
2022/23,2,28,2.791878173,0
2022/23,2,30,3.032913165,0.004089636
2022/23,2,31,2.919782461,0.205567641
2022/23,2,35,5.201067616,3.120774021
2022/23,2,39,4.027827648,2.085421903
2022/23,2,40,4.697565543,2.415777154
2022/23,2,41,2.462747779,0.321900205
2022/23,2,45,3.611209964,1.475925267
2022/23,2,46,2.010859729,1.107746606
2022/23,2,47,3.027160494,1.205185185
2022/23,2,48,2.075418994,1.21125
2022/23,2,49,3.643631436,2.491260163
2022/23,2,50,2.666437886,0.605463281
2022/23,2,52,2.95,0
2022/23,2,53,2.624065262,0.02396329
2022/23,2,55,2.082444918,0.034790334
2022/23,2,56,2.099522836,0.258609407
2022/23,2,57,4.785037879,2.46436553
2022/23,2,58,5.496774194,3.100051613
2022/23,2,59,4.883741259,2.759982517
2022/23,2,60,1.984753363,0.028008969
2022/23,2,61,2.061971831,0.725690141
2022/23,2,63,3.764864865,1.356391892
2022/23,2,64,3.43079922,0.719389214
2022/23,2,67,2.493636364,0.484890909
2022/23,2,68,3.380852551,0.856254368
2022/23,2,69,16.23726708,21.46808696
2022/23,2,70,3.927732611,1.59696477
2022/23,2,71,2.749461594,0.458779612
2022/23,2,72,2.882963989,0.125644044
2022/23,2,73,2.377192982,0.771641604
2022/23,2,74,3.944785276,1.661649625
2022/23,2,75,12.63408011,15.74791582
2022/23,2,77,6.525240385,7.558810096
2022/23,2,78,15.47540984,20.30455233
2022/23,2,79,12.2110009,15.63970243
2022/23,2,80,14.74575071,19.12970963
2022/23,2,81,2.351331893,0.206018719
2022/23,2,83,2.774114774,0.45962149
2022/23,2,84,2.689724647,0.839623909
2022/23,2,85,3.081317204,0.902923387
2022/23,2,86,2.200752823,0.020200753
2022/23,2,87,2.581767571,0.450208768
2022/23,2,88,1.888038943,0.002239221
2022/23,2,89,11.17004899,14.02428971
2022/23,2,91,14.18562092,18.18694118
2022/23,2,93,11.4233474,14.04509142
2022/23,2,94,12.00723982,8.866995475
2022/23,2,95,10.62278839,8.092094834
2022/23,2,96,7.101604278,8.333716578
2022/23,2,97,7.842286501,8.647651515
2022/23,2,98,10.76991758,12.99951923
2022/23,2,102,1.907594937,0.000126582
2022/23,2,103,1.632155907,0.002168088
2022/23,2,104,2.438644068,0.000338983
2022/23,2,106,2.464817321,0
2022/23,2,108,2.054388133,0.122126082
2022/23,2,111,2.086466165,0.002694236
2022/23,2,112,1.93124456,0.007719756
2022/23,2,114,2.676551724,0.220786207
2022/23,2,117,1.879289941,0.047621302
2022/23,2,118,12.39045288,15.3423623
2022/23,2,120,15.26862464,19.7149212
2022/23,2,122,2.087242026,0.038198874
2022/23,2,123,5.631319359,3.087891492
2022/23,2,124,7.727762803,4.568176101
2022/23,2,125,16.23211876,13.02707827
2022/23,2,126,10.70307167,7.920546075
2022/23,2,127,6.729166667,7.664885057
2022/23,2,135,13.904209,10.88476778
2022/23,2,139,1.92739726,0.006547945
2022/23,2,141,1.561307902,0.020211172
2022/23,2,142,12.70938999,15.98650446
2022/23,2,143,15.32198775,19.92763785
2022/23,2,145,2.617445055,0.269848901
2022/23,2,146,14.97563946,19.33057247
2022/23,2,147,17.9717564,24.04992056
2022/23,2,148,10.5176314,12.83368596
2022/23,2,150,14.50127551,18.29335459
2022/23,2,152,8.18487395,5.038451381
2022/23,2,153,3.074328975,0.886083964
2022/23,2,154,5.374324324,2.615925676
2022/23,2,155,3.732080724,1.784843424
2022/23,2,160,2.76541717,0.338415961
2022/23,2,161,13.76011561,10.72666667
2022/23,2,162,13.17363045,12.32115135
2022/23,2,163,9.545783133,7.474590361
2022/23,2,164,15.70907298,12.27892505
2022/23,2,165,14.66060055,11.25093722
2022/23,3,4,2.284757119,0.11900335
2022/23,3,9,2.855200544,0.466736914
2022/23,3,14,2.405710491,0.225272244
2022/23,3,15,2.603325416,1.179501188
2022/23,3,19,2.052848318,0.721667811
2022/23,3,23,3.080801105,0.80089779
2022/23,3,24,2.218070652,0.721148098
2022/23,3,27,3.407275321,1.930542083
2022/23,3,28,1.906091371,0
2022/23,3,30,2.656162465,0.212345938
2022/23,3,31,3.609789259,1.570156356
2022/23,3,35,6.898576512,5.232624555
2022/23,3,39,4.982944345,3.12954219
2022/23,3,40,5.407303371,3.549307116
2022/23,3,41,3.194805195,1.763807245
2022/23,3,45,5.748220641,3.947624555
2022/23,3,46,3.587330317,4.415701357
2022/23,3,47,6.314814815,4.347679012
2022/23,3,48,4.041201117,4.973952514
2022/23,3,49,5.00203252,6.090779133
2022/23,3,50,3.643102265,1.998297872
2022/23,3,52,2.495238095,0.043214286
2022/23,3,53,1.96125085,0.817933379
2022/23,3,55,1.8891258,0.623255153
2022/23,3,56,1.85139741,1.525167007
2022/23,3,57,5.694128788,3.64219697
2022/23,3,58,6.451612903,4.483096774
2022/23,3,59,6.210664336,4.401730769
2022/23,3,60,1.752466368,0.883479821
2022/23,3,61,2.185915493,2.277119718
2022/23,3,63,4.375675676,2.669101351
2022/23,3,64,4.380116959,2.309688109
2022/23,3,67,3.968181818,2.376345455
2022/23,3,68,4.543675751,2.569797345
2022/23,3,69,18.2757764,27.43775155
2022/23,3,70,6.438121048,4.38532972
2022/23,3,71,3.925340991,2.171170136
2022/23,3,72,2.63434903,1.138995845
2022/23,3,73,4.245614035,2.630162907
2022/23,3,74,6.006134969,4.220906612
2022/23,3,75,14.73727088,22.12260014
2022/23,3,77,8.647836538,11.73251202
2022/23,3,78,14.59016393,21.85030265
2022/23,3,79,13.34445446,20.28614968
2022/23,3,80,16.85623229,25.16746459
2022/23,3,81,2.768178546,1.383362131
2022/23,3,83,3.797313797,2.118021978
2022/23,3,84,4.57018133,2.684607119
2022/23,3,85,4.199596774,2.484159946
2022/23,3,86,2.158092848,0.742183187
2022/23,3,87,3.780793319,2.300842032
2022/23,3,88,1.525034771,0.385201669
2022/23,3,89,13.74737579,20.4993352
2022/23,3,91,14.63660131,21.80048366
2022/23,3,93,13.90576653,21.00105485
2022/23,3,94,14.27963801,12.45901357
2022/23,3,95,12.02830856,10.70852795
2022/23,3,96,9.002673797,12.8856016
2022/23,3,97,9.72107438,14.00429063
2022/23,3,98,12.6614011,19.1515728
2022/23,3,102,1.593670886,0.097620253
2022/23,3,103,1.350791717,0.289378806
2022/23,3,104,1.850169492,0.085030508
2022/23,3,106,1.771989175,0.126772666
2022/23,3,108,2.321384425,1.156131026
2022/23,3,111,1.947368421,0.601779449
2022/23,3,112,1.617058312,0.417667537
2022/23,3,114,3.025517241,1.650882759
2022/23,3,117,1.940828402,0.829940828
2022/23,3,118,14.07833537,20.83237454
2022/23,3,120,17.49570201,26.02532235
2022/23,3,122,1.745778612,0.443095685
2022/23,3,123,7.339087546,4.921023428
2022/23,3,124,8.753818509,6.180242588
2022/23,3,125,16.13292848,15.53808367
2022/23,3,126,10.58771331,9.492320819
2022/23,3,127,10.53591954,15.25789511
2022/23,3,135,15.26850508,13.87355588
2022/23,3,139,1.371232877,0.073232877
2022/23,3,141,1.197547684,0.099904632
2022/23,3,142,15.73612063,23.26882796
2022/23,3,143,18.44043567,27.36140231
2022/23,3,145,3.460164835,3.809498626
2022/23,3,146,17.86236297,26.8019732
2022/23,3,147,19.93909974,30.69341571
2022/23,3,148,12.98868929,19.28771124
2022/23,3,150,15.49362245,23.20561224
2022/23,3,152,9.151260504,6.556242497
2022/23,3,153,4.046111493,2.389146593
2022/23,3,154,6.452702703,4.151364865
2022/23,3,155,4.626304802,2.697919276
2022/23,3,160,3.374848851,3.888464329
2022/23,3,161,14.33815029,12.80340077
2022/23,3,162,12.99907149,14.1217363
2022/23,3,163,9.902409639,9.420240964
2022/23,3,164,15.35897436,12.91945759
2022/23,3,165,14.30391265,12.17179254
2022/23,4,4,3.086264657,0.994782245
2022/23,4,9,3.972807614,1.657301156
2022/23,4,14,3.051128818,1.172390438
2022/23,4,15,4.93111639,3.173467933
2022/23,4,19,3.245024022,1.717989019
2022/23,4,23,4.968232044,2.520248619
2022/23,4,24,3.613451087,1.970570652
2022/23,4,27,5.17403709,3.091041369
2022/23,4,28,1.97715736,0.145761421
2022/23,4,30,3.333333333,1.210469188
2022/23,4,31,5.743711761,3.957783821
2022/23,4,35,7.716192171,6.202286477
2022/23,4,39,5.298025135,3.633500898
2022/23,4,40,6.077715356,4.342715356
2022/23,4,41,5.121667806,3.041729323
2022/23,4,45,8.40747331,6.493754448
2022/23,4,46,6.811764706,9.518063348
2022/23,4,47,10.06790123,8.530518519
2022/23,4,48,7.587988827,10.52208101
2022/23,4,49,7.503387534,10.49335366
2022/23,4,50,5.519560741,3.599704873
2022/23,4,52,2.35,1.018761905
2022/23,4,53,3.625424881,2.223453433
2022/23,4,55,2.975124378,1.514754797
2022/23,4,56,3.134969325,3.68334015
2022/23,4,57,5.881628788,4.236960227
2022/23,4,58,6.872258065,5.042490323
2022/23,4,59,7.060314685,5.334204545
2022/23,4,60,3.67264574,2.080242152
2022/23,4,61,3.537323944,4.015964789
2022/23,4,63,5.897972973,4.042601351
2022/23,4,64,6.382066277,4.355445094
2022/23,4,67,7.296363636,5.584718182
2022/23,4,68,6.522012579,4.664814815
2022/23,4,69,21.51428571,33.78067081
2022/23,4,70,9.645889792,8.126666667
2022/23,4,71,6.722900215,4.924027279
2022/23,4,72,4.210526316,2.532617729
2022/23,4,73,7.295739348,5.507431078
2022/23,4,74,8.903203817,7.555739605
2022/23,4,75,18.46164291,28.30931432
2022/23,4,77,12.04326923,17.17981971
2022/23,4,78,15.58385876,23.44595208
2022/23,4,79,16.48692516,25.38396754
2022/23,4,80,20.05240793,31.01683428
2022/23,4,81,5.133189345,3.368934485
2022/23,4,83,6.384615385,4.442967033
2022/23,4,84,7.244459369,5.360020148
2022/23,4,85,6.38172043,4.722909946
2022/23,4,86,3.863237139,2.280890841
2022/23,4,87,6.588726514,4.640006959
2022/23,4,88,3.049374131,1.816210014
2022/23,4,89,16.52694192,25.92179846
2022/23,4,91,16.37124183,24.14888889
2022/23,4,93,17.89592124,27.25914205
2022/23,4,94,16.92488688,17.15110407
2022/23,4,95,14.43665959,14.49915782
2022/23,4,96,12.15508021,18.5009893
2022/23,4,97,13.13085399,20.1432438
2022/23,4,98,16.08928571,24.7953228
2022/23,4,102,1.960759494,0.868075949
2022/23,4,103,2.295980512,1.273105968
2022/23,4,104,2.315254237,1.023138983
2022/23,4,106,2.453315291,1.244018945
2022/23,4,108,3.898640297,2.231854141
2022/23,4,111,3.518796992,1.918659148
2022/23,4,112,2.730200174,1.46797215
2022/23,4,114,5.146206897,3.191289655
2022/23,4,117,3.650887574,2.028473373
2022/23,4,118,17.66952264,27.53077111
2022/23,4,120,21.08452722,32.34473496
2022/23,4,122,2.645403377,1.533330206
2022/23,4,123,10.12207152,7.81189889
2022/23,4,124,11.42407907,9.360862534
2022/23,4,125,17.10661269,17.85669366
2022/23,4,126,11.54061433,11.20774744
2022/23,4,127,15.30244253,23.38729167
2022/23,4,135,17.16255443,17.19333817
2022/23,4,139,1.680136986,1.381835616
2022/23,4,141,1.621253406,1.352970027
2022/23,4,142,18.37217272,28.37653187
2022/23,4,143,20.78488768,32.21590197
2022/23,4,145,7.460851648,10.59048077
2022/23,4,146,20.84652862,32.27333739
2022/23,4,147,23.03618711,36.98578111
2022/23,4,148,16.72055888,25.42606786
2022/23,4,150,17.86862245,27.56626276
2022/23,4,152,12.03961585,9.884141657
2022/23,4,153,6.366139023,4.494287681
2022/23,4,154,8.447297297,6.129993243
2022/23,4,155,5.736256089,3.83664579
2022/23,4,160,7.422007255,10.54376058
2022/23,4,161,16.02986513,16.03944123
2022/23,4,162,14.65923863,17.76961931
2022/23,4,163,11.85060241,12.00403614
2022/23,4,164,16.65088757,15.39851085
2022/23,4,165,15.38489536,14.1877798
2022/23,5,4,4.688358459,2.547596315
2022/23,5,9,5.603942896,3.339879674
2022/23,5,14,5.032536521,2.905095618
2022/23,5,15,7.663420428,4.999944181
2022/23,5,19,4.193891558,2.605074811
2022/23,5,23,7.174309392,4.567947514
2022/23,5,24,4.714605978,2.976673234
2022/23,5,27,6.016262482,3.929267475
2022/23,5,28,1.797969543,1.244200508
2022/23,5,30,5.033193277,2.898862045
2022/23,5,31,9.081917063,6.215246771
2022/23,5,35,10.09572954,7.415634342
2022/23,5,39,7.258617594,4.639768402
2022/23,5,40,8.829868914,5.944016854
2022/23,5,41,5.886466165,3.759984962
2022/23,5,45,9.940124555,7.223349644
2022/23,5,46,9.59239819,13.25156561
2022/23,5,47,13.87222222,10.46811605
2022/23,5,48,10.49839385,14.0435817
2022/23,5,49,9.955149051,12.92813753
2022/23,5,50,7.334591627,4.58416129
2022/23,5,52,4.90547619,2.77145
2022/23,5,53,5.743779742,3.53882189
2022/23,5,55,3.459488273,2.089022743
2022/23,5,56,4.208043626,5.30094274
2022/23,5,57,8.095833333,5.317708333
2022/23,5,58,9.560774194,6.490056774
2022/23,5,59,9.615384615,6.551865385
2022/23,5,60,4.725560538,2.935875336
2022/23,5,61,4.571197183,5.18139507
2022/23,5,63,7.416824324,5.095125676
2022/23,5,64,9.056595192,6.20222742
2022/23,5,67,11.193,8.15813
2022/23,5,68,8.926834382,5.989826695
2022/23,5,69,26.14993789,34.57834286
2022/23,5,70,13.16323397,9.810827462
2022/23,5,71,10.40301508,7.410509691
2022/23,5,72,6.199307479,3.851790166
2022/23,5,73,10.37005013,7.308080201
2022/23,5,74,12.05650988,9.086254942
2022/23,5,75,22.71839783,29.64776307
2022/23,5,77,14.92271635,19.48466226
2022/23,5,78,17.62635561,23.3494628
2022/23,5,79,20.33462579,26.48790081
2022/23,5,80,23.97174221,30.94826629
2022/23,5,81,8.210007199,5.463317495
2022/23,5,83,9.965811966,6.889492063
2022/23,5,84,10.335863,7.221910007
2022/23,5,85,9.224327957,6.431141129
2022/23,5,86,5.591091593,3.450190715
2022/23,5,87,9.486638831,6.314903271
2022/23,5,88,4.784770515,3.058849096
2022/23,5,89,19.15955213,25.12106718
2022/23,5,91,18.20535948,23.43808105
2022/23,5,93,21.8978903,28.92772574
2022/23,5,94,21.0841629,17.83900362
2022/23,5,95,18.39872611,15.89660368
2022/23,5,96,16.15,21.90092647
2022/23,5,97,17.01590909,22.9699697
2022/23,5,98,19.1540522,25.79540041
2022/23,5,102,2.772278481,1.750141772
2022/23,5,103,3.50365408,2.20518514
2022/23,5,104,4.28440678,2.431768136
2022/23,5,106,4.580852503,2.629468877
2022/23,5,108,5.468726823,3.523548826
2022/23,5,111,5.236716792,3.26214787
2022/23,5,112,4.183637946,2.702151436
2022/23,5,114,7.311586207,4.640634483
2022/23,5,117,4.760591716,3.09968284
2022/23,5,118,21.8869033,28.637847
2022/23,5,120,25.53166189,32.63160244
2022/23,5,122,4.351500938,2.905413696
2022/23,5,123,13.67607891,9.973581998
2022/23,5,124,15.36837376,11.55548518
2022/23,5,125,20.64021592,16.63404116
2022/23,5,126,14.02894198,11.16644915
2022/23,5,127,20.57442529,26.89074856
2022/23,5,135,21.16981132,18.32099492
2022/23,5,139,2.572191781,3.527790411
2022/23,5,141,2.68780654,3.57671594
2022/23,5,142,21.89972584,28.50156546
2022/23,5,143,24.10864534,31.48873179
2022/23,5,145,14.11641484,19.39381593
2022/23,5,146,24.64348356,31.9927296
2022/23,5,147,28.13980583,37.97168932
2022/23,5,148,21.50086494,27.71243247
2022/23,5,150,21.79655612,28.68884184
2022/23,5,152,16.50132053,12.74264826
2022/23,5,153,9.443496215,6.447922918
2022/23,5,154,12.05466216,8.502197297
2022/23,5,155,7.793389005,5.380737648
2022/23,5,160,13.97545345,19.1192636
2022/23,5,161,20.51743738,16.70317148
2022/23,5,162,18.46815227,18.49036676
2022/23,5,163,14.76915663,13.17688675
2022/23,5,164,20.51272189,16.25253254
2022/23,5,165,19.41364877,15.3591929
2022/23,6,4,5.792294807,4.113551089
2022/23,6,9,6.644459551,4.790353501
2022/23,6,14,6.067729084,4.394050465
2022/23,6,15,7.587885986,5.899976247
2022/23,6,19,5.6108442,4.090343171
2022/23,6,23,7.609116022,5.678156077
2022/23,6,24,6.348505435,4.773288043
2022/23,6,27,7.207560628,5.601340942
2022/23,6,28,3.538071066,2.405050761
2022/23,6,30,5.906862745,4.124201681
2022/23,6,31,9.0774983,7.102352141
2022/23,6,35,10.98042705,9.845658363
2022/23,6,39,8.361759425,6.555978456
2022/23,6,40,10.22752809,8.715777154
2022/23,6,41,6.784688995,5.037552973
2022/23,6,45,9.424377224,7.652446619
2022/23,6,46,9.185520362,13.73595475
2022/23,6,47,11.9345679,10.02696296
2022/23,6,48,9.94622905,14.60810754
2022/23,6,49,9.063685637,12.69754065
2022/23,6,50,6.840082361,4.928524365
2022/23,6,52,5.714285714,4.362738095
2022/23,6,53,6.857919782,4.938082937
2022/23,6,55,4.515280739,3.137363184
2022/23,6,56,4.63599182,6.776100886
2022/23,6,57,9.395833333,7.699630682
2022/23,6,58,10.83612903,9.312270968
2022/23,6,59,10.22465035,8.817578671
2022/23,6,60,5.390134529,3.982143498
2022/23,6,61,5.312676056,6.846373239
2022/23,6,63,7.406756757,5.963851351
2022/23,6,64,9.016894087,7.193502274
2022/23,6,67,9.890909091,8.091081818
2022/23,6,68,7.864430468,6.238441649
2022/23,6,69,21.25962733,31.88093168
2022/23,6,70,10.83107498,8.731165312
2022/23,6,71,10.52333094,8.584379038
2022/23,6,72,6.583795014,4.892195291
2022/23,6,73,8.789473684,6.924047619
2022/23,6,74,9.717109748,8.114976142
2022/23,6,75,19.42566191,27.52976918
2022/23,6,77,11.94110577,17.16478365
2022/23,6,78,14.24211854,21.31399748
2022/23,6,79,17.23895401,24.64981966
2022/23,6,80,18.06303116,25.88504249
2022/23,6,81,8.467242621,6.654355652
2022/23,6,83,9.929181929,8.274578755
2022/23,6,84,8.563465413,6.937246474
2022/23,6,85,8.094086022,6.440766129
2022/23,6,86,5.613550816,4.231693852
2022/23,6,87,8.360473208,6.827132916
2022/23,6,88,5.386648122,3.992148818
2022/23,6,89,14.24212736,20.76951015
2022/23,6,91,15.73333333,22.55711111
2022/23,6,93,19.17510549,27.5390225
2022/23,6,94,16.55656109,16.31190045
2022/23,6,95,15.02123142,14.90615004
2022/23,6,96,14.66176471,21.39520053
2022/23,6,97,14.96763085,21.90752066
2022/23,6,98,16.23145604,23.8135783
2022/23,6,102,3.743037975,2.551164557
2022/23,6,103,4.400730816,3.065481121
2022/23,6,104,5.457627119,3.998305085
2022/23,6,106,5.871447903,4.240784844
2022/23,6,108,6.31025958,4.881940667
2022/23,6,111,5.978696742,4.569197995
2022/23,6,112,5.184508268,3.957902524
2022/23,6,114,7.713793103,6.078772414
2022/23,6,117,5.155029586,3.781100592
2022/23,6,118,19.14932681,27.04685435
2022/23,6,120,20.99498567,29.58665473
2022/23,6,122,5.805816135,4.497120075
2022/23,6,123,11.74352651,10.1550185
2022/23,6,124,12.65498652,11.00106918
2022/23,6,125,15.2928475,13.8408502
2022/23,6,126,11.38361775,10.15640956
2022/23,6,127,19.04310345,26.93591236
2022/23,6,135,16.53193033,16.69851234
2022/23,6,139,3.805479452,5.535568493
2022/23,6,141,3.930517711,5.796621253
2022/23,6,142,18.08978753,26.47392049
2022/23,6,143,19.61334241,28.78107556
2022/23,6,145,16.65865385,24.8904739
2022/23,6,146,19.63459196,28.82200974
2022/23,6,147,23.11562224,35.7323654
2022/23,6,148,18.56087824,26.68352628
2022/23,6,150,18.86096939,27.88405612
2022/23,6,152,14.20768307,12.61683073
2022/23,6,153,9.256710255,7.473578802
2022/23,6,154,10.76283784,8.936695946
2022/23,6,155,7.736951983,6.260814196
2022/23,6,160,16.41354293,24.48215236
2022/23,6,161,16.58188825,15.32078998
2022/23,6,162,14.81151346,16.3575766
2022/23,6,163,12.44457831,13.0506988
2022/23,6,164,15.77712032,14.67213018
2022/23,6,165,15.55686988,14.322202
2022/23,7,4,7.74958124,5.973149079
2022/23,7,9,8.707002039,6.878545207
2022/23,7,14,8.122841965,6.279594954
2022/23,7,15,8.863420428,6.917743468
2022/23,7,19,9.269732327,7.073740563
2022/23,7,23,8.917127072,7.002071823
2022/23,7,24,10.20923913,8.138444293
2022/23,7,27,10.82596291,8.758922967
2022/23,7,28,7.416243655,5.091852792
2022/23,7,30,7.835434174,5.865903361
2022/23,7,31,10.63222298,8.639204623
2022/23,7,35,14.21975089,13.34991103
2022/23,7,39,11.75763016,9.701633752
2022/23,7,40,13.71161049,12.06866105
2022/23,7,41,10.59125085,8.468557758
2022/23,7,45,12.77224199,10.8049911
2022/23,7,46,11.07511312,15.56285973
2022/23,7,47,13.94567901,11.98381481
2022/23,7,48,12.88547486,18.50597765
2022/23,7,49,10.90514905,15.4595122
2022/23,7,50,9.521619767,7.477089911
2022/23,7,52,9.138095238,7.007380952
2022/23,7,53,8.90210741,6.903562203
2022/23,7,55,8.014214641,5.915501066
2022/23,7,56,7.873210634,10.79259714
2022/23,7,57,12.99337121,11.19587121
2022/23,7,58,14.4916129,13.02428387
2022/23,7,59,13.32954545,11.97622378
2022/23,7,60,8.716591928,6.573802691
2022/23,7,61,8.832394366,10.9246831
2022/23,7,63,9.160810811,7.10897973
2022/23,7,64,10.35022742,8.485438596
2022/23,7,67,10.88545455,8.744736364
2022/23,7,68,9.06568833,6.962096436
2022/23,7,69,23.52546584,34.88293168
2022/23,7,70,11.51038844,9.386079494
2022/23,7,71,13.27997128,11.47091888
2022/23,7,72,8.221606648,6.418220222
2022/23,7,73,9.466165414,7.331516291
2022/23,7,74,10.44785276,8.48603272
2022/23,7,75,20.79904956,29.60769179
2022/23,7,77,14.46274038,20.23302885
2022/23,7,78,15.81210593,23.07755359
2022/23,7,79,18.7348963,26.84665464
2022/23,7,80,20.49504249,28.61192635
2022/23,7,81,10.18718503,8.122037437
2022/23,7,83,11.85103785,9.862271062
2022/23,7,84,9.720617864,7.48791135
2022/23,7,85,9.481182796,7.373467742
2022/23,7,86,8.435382685,6.417252196
2022/23,7,87,10.17675713,8.260605428
2022/23,7,88,8.250347705,6.418713491
2022/23,7,89,16.9580126,24.07159552
2022/23,7,91,17.25751634,24.44070588
2022/23,7,93,20.88255977,30.30402954
2022/23,7,94,17.98371041,18.12245249
2022/23,7,95,16.17055909,16.36452937
2022/23,7,96,15.96122995,23.48377005
2022/23,7,97,16.20110193,23.88883609
2022/23,7,98,17.5989011,25.97558379
2022/23,7,102,5.967088608,4.306303797
2022/23,7,103,6.766138855,5.12953715
2022/23,7,104,8.903728814,6.812413559
2022/23,7,106,9.01014885,6.947787551
2022/23,7,108,8.52039555,6.630605686
2022/23,7,111,8.417293233,6.299210526
2022/23,7,112,7.883376849,5.841105309
2022/23,7,114,9.911034483,7.947462069
2022/23,7,117,7.301775148,5.501242604
2022/23,7,118,21.32313341,30.230612
2022/23,7,120,22.15544413,31.6315616
2022/23,7,122,8.53564728,6.537673546
2022/23,7,123,13.31196054,11.36403206
2022/23,7,124,13.68104223,11.84858041
2022/23,7,125,16.08569501,14.46442645
2022/23,7,126,11.95836177,10.95569283
2022/23,7,127,21.54166667,31.00122126
2022/23,7,135,17.52249637,18.06125544
2022/23,7,139,6.332876712,9.220191781
2022/23,7,141,6.466621253,9.47616485
2022/23,7,142,19.50788211,28.59270048
2022/23,7,143,21.27093261,31.31124575
2022/23,7,145,21.04395604,31.81638049
2022/23,7,146,20.78562728,30.69542022
2022/23,7,147,24.7184466,39.19242718
2022/23,7,148,20.87824351,29.87335995
2022/23,7,150,20.6122449,30.52816327
2022/23,7,152,15.87635054,14.25217287
2022/23,7,153,11.2512044,9.280798348
2022/23,7,154,11.88378378,9.792317568
2022/23,7,155,9.590814196,7.436527488
2022/23,7,160,20.88029021,31.50169287
2022/23,7,161,17.38246628,16.30223507
2022/23,7,162,15.05199629,16.86990715
2022/23,7,163,14.37590361,14.72646988
2022/23,7,164,16.70019724,15.31252465
2022/23,7,165,16.51137398,15.08807097
2022/23,8,4,13.68366834,9.387228643
2022/23,8,9,16.34221618,11.53533583
2022/23,8,14,14.46580345,10.25210226
2022/23,8,15,13.62327791,9.558007126
2022/23,8,19,16.42903226,12.03100275
2022/23,8,23,15.08549724,10.4286989
2022/23,8,24,17.86603261,13.42999117
2022/23,8,27,17.95934379,13.59158274
2022/23,8,28,14.5680203,10.40904315
2022/23,8,30,14.61428571,9.979141457
2022/23,8,31,17.68823929,12.83401632
2022/23,8,35,22.62241993,18.8480694
2022/23,8,39,19.00709156,14.38947127
2022/23,8,40,22.12565543,17.22421816
2022/23,8,41,18.25639098,13.91913534
2022/23,8,45,22.2113879,17.19644484
2022/23,8,46,16.35067873,21.69056652
2022/23,8,47,23.53864198,18.14467654
2022/23,8,48,21.83331006,28.50334288
2022/23,8,49,19.01077236,24.61460163
2022/23,8,50,18.82004118,13.89570281
2022/23,8,52,16.06785714,11.89217857
2022/23,8,53,14.09360979,10.27201835
2022/23,8,55,14.67761194,10.70184293
2022/23,8,56,14.22051806,18.65935924
2022/23,8,57,20.95833333,16.10286458
2022/23,8,58,23.58116129,18.64165032
2022/23,8,59,21.05096154,16.73888462
2022/23,8,60,15.12080717,11.18249148
2022/23,8,61,15.015,17.8673
2022/23,8,63,13.00898649,9.29304527
2022/23,8,64,15.27706303,11.0532846
2022/23,8,67,17.123,12.30093
2022/23,8,68,13.73193571,9.592707198
2022/23,8,69,33.65726708,45.05269317
2022/23,8,70,18.77551942,13.66458356
2022/23,8,71,23.90387653,18.45943719
2022/23,8,72,13.58012465,9.728372576
2022/23,8,73,14.79761905,10.08369173
2022/23,8,74,16.77593729,12.05812202
2022/23,8,75,30.20706042,38.90404277
2022/23,8,77,22.30805288,29.64201202
2022/23,8,78,23.53278689,32.05115637
2022/23,8,79,28.30838593,36.80746799
2022/23,8,80,30.07705382,38.73605595
2022/23,8,81,15.24319654,11.05735205
2022/23,8,83,17.41465201,13.06312454
2022/23,8,84,15.3578912,10.7716004
2022/23,8,85,15.76075269,11.17287298
2022/23,8,86,15.65947302,11.51001631
2022/23,8,87,16.58956159,12.40448643
2022/23,8,88,16.5267733,12.27264951
2022/23,8,89,24.29853044,32.68431001
2022/23,8,91,24.73490196,32.5848183
2022/23,8,93,30.81779184,40.08643671
2022/23,8,94,27.28298643,24.5592371
2022/23,8,95,24.56744515,21.82854636
2022/23,8,96,22.9,31.20327941
2022/23,8,97,24.30833333,32.32192424
2022/23,8,98,26.3720467,34.93483654
2022/23,8,102,11.99974684,8.133762025
2022/23,8,103,13.59926918,9.468655298
2022/23,8,104,16.40827119,12.19770983
2022/23,8,106,16.68903924,12.32784438
2022/23,8,108,14.11508035,10.01946354
2022/23,8,111,14.00639098,10.10948246
2022/23,8,112,14.93855527,10.93941862
2022/23,8,114,16.37558621,12.16907241
2022/23,8,117,14.08,10.06476568
2022/23,8,118,32.37392901,41.24472215
2022/23,8,120,32.38696275,41.38912321
2022/23,8,122,14.5032833,10.5466576
2022/23,8,123,20.62059186,15.79267694
2022/23,8,124,21.28742138,16.21706379
2022/23,8,125,24.28238866,19.06853711
2022/23,8,126,18.66095563,14.83875222
2022/23,8,127,33.55316092,43.03051437
2022/23,8,135,26.62750363,24.02454282
2022/23,8,139,12.8609589,16.6729863
2022/23,8,141,13.05088556,16.8290109
2022/23,8,142,28.85332419,38.29609664
2022/23,8,143,32.68849558,42.80687815
2022/23,8,145,35.32012363,47.33950481
2022/23,8,146,31.92813642,41.71212058
2022/23,8,147,38.0223301,52.46385437
2022/23,8,148,33.14491018,42.27184365
2022/23,8,150,31.54923469,41.35659056
2022/23,8,152,25.07947179,19.68006963
2022/23,8,153,18.78857536,13.94589539
2022/23,8,154,17.48405405,12.79676081
2022/23,8,155,14.72713987,10.58449548
2022/23,8,160,35.09891173,47.31612092
2022/23,8,161,26.59710983,21.4044422
2022/23,8,162,22.84670381,22.09882637
2022/23,8,163,22.18686747,20.10104217
2022/23,8,164,25.55167653,20.26034024
2022/23,8,165,24.78953594,19.60511283
2022/23,9,4,11.42629816,7.897135678
2022/23,9,9,14.56492182,10.45014276
2022/23,9,14,12.67994688,9.001407703
2022/23,9,15,11.09263658,7.855190024
2022/23,9,19,13.08510638,9.447110501
2022/23,9,23,13.04834254,9.124129834
2022/23,9,24,13.91236413,10.12028533
2022/23,9,27,13.70684736,9.786348074
2022/23,9,28,12.40609137,8.756928934
2022/23,9,30,13.00490196,9.221407563
2022/23,9,31,14.51597553,10.64670972
2022/23,9,35,17.29181495,14.17965302
2022/23,9,39,14.80879713,11.08704668
2022/23,9,40,17.19101124,13.08939139
2022/23,9,41,13.71223513,9.640813397
2022/23,9,45,18.20640569,14.09841637
2022/23,9,46,12.70950226,17.04006335
2022/23,9,47,19.42222222,14.78346914
2022/23,9,48,17.6424581,23.39935056
2022/23,9,49,16.01897019,21.11079946
2022/23,9,50,17.28140014,12.85724091
2022/23,9,52,14.15,10.52604762
2022/23,9,53,11.46702923,8.109673691
2022/23,9,55,11.13717129,7.619985785
2022/23,9,56,11.19904567,14.73617587
2022/23,9,57,15.89109848,12.1369697
2022/23,9,58,18.30709677,14.22267097
2022/23,9,59,15.86188811,12.1288986
2022/23,9,60,12.22511211,8.72644843
2022/23,9,61,11.23309859,13.24643662
2022/23,9,63,9.813513514,6.79027027
2022/23,9,64,11.28135153,8.086757635
2022/23,9,67,13.90545455,10.14857273
2022/23,9,68,11.49126485,8.115045423
2022/23,9,69,24.50186335,31.5388323
2022/23,9,70,15.8166215,11.40250226
2022/23,9,71,20.67767408,15.46279971
2022/23,9,72,10.82409972,7.836475069
2022/23,9,73,11.92230576,8.427669173
2022/23,9,74,13.98091343,10.06488753
2022/23,9,75,21.58520027,28.00012899
2022/23,9,77,17.12860577,22.42706731
2022/23,9,78,18.60907945,24.71181589
2022/23,9,79,21.27682597,27.62586114
2022/23,9,80,22.31444759,28.68504958
2022/23,9,81,11.67458603,8.328452124
2022/23,9,83,13.002442,9.502686203
2022/23,9,84,12.39019476,8.882444594
2022/23,9,85,13.07997312,9.439139785
2022/23,9,86,13.47804266,10.05417817
2022/23,9,87,13.34794711,9.772971468
2022/23,9,88,14.75521558,10.9780459
2022/23,9,89,17.91042687,24.03639608
2022/23,9,91,18.38823529,24.13754248
2022/23,9,93,22.12025316,28.60389592
2022/23,9,94,21.6959276,17.43698643
2022/23,9,95,19.37650389,15.53355272
2022/23,9,96,16.78743316,22.55441176
2022/23,9,97,17.97589532,24.18606749
2022/23,9,98,18.99175824,25.38988324
2022/23,9,102,10.76582278,7.454139241
2022/23,9,103,11.73690621,8.335834348
2022/23,9,104,14.14372881,10.6296678
2022/23,9,106,14.4391069,10.9079567
2022/23,9,108,11.72187886,8.210432633
2022/23,9,111,11.95238095,8.607117794
2022/23,9,112,13.84943429,10.37887728
2022/23,9,114,13.39517241,9.95162069
2022/23,9,117,12.71005917,9.12947929
2022/23,9,118,23.27784578,29.71756426
2022/23,9,120,22.92979943,29.30119628
2022/23,9,122,11.97842402,8.728883677
2022/23,9,123,16.19975339,12.22029593
2022/23,9,124,16.61185984,12.42745732
2022/23,9,125,18.67746289,14.0298583
2022/23,9,126,14.75631399,11.04831399
2022/23,9,127,24.93031609,31.68076149
2022/23,9,135,21.06095791,17.16229318
2022/23,9,139,11.0609589,14.68013014
2022/23,9,141,11.26634877,14.71358311
2022/23,9,142,21.79026731,28.41130226
2022/23,9,143,24.17971409,31.46419333
2022/23,9,145,26.9375,35.22659341
2022/23,9,146,24.409257,31.64455542
2022/23,9,147,28.71491615,37.84944395
2022/23,9,148,25.91949434,32.70211577
2022/23,9,150,23.42729592,30.20442602
2022/23,9,152,19.89435774,15.07013205
2022/23,9,153,15.61734343,11.45841707
2022/23,9,154,13.41621622,9.633797297
2022/23,9,155,12.31663187,8.90098817
2022/23,9,160,27.23458283,35.44142684
2022/23,9,161,20.69653179,15.80462428
2022/23,9,162,17.47075209,16.46195915
2022/23,9,163,16.85662651,15.11520482
2022/23,9,164,20.3530572,15.14946746
2022/23,9,165,18.52320291,14.25821656
2022/23,10,4,13.84757119,10.92562814
2022/23,10,9,17.96125085,14.48456832
2022/23,10,14,15.90770252,12.73199203
2022/23,10,15,14.08313539,11.28210214
2022/23,10,19,14.70555937,11.58191489
2022/23,10,23,16.32941989,12.87552486
2022/23,10,24,15.38586957,12.02805027
2022/23,10,27,15.44436519,11.81357347
2022/23,10,28,15.21573604,11.88875635
2022/23,10,30,16.47478992,13.14840336
2022/23,10,31,17.11488783,13.87513936
2022/23,10,35,19.5702847,16.90850534
2022/23,10,39,16.70287253,13.42987433
2022/23,10,40,19.29494382,15.57777154
2022/23,10,41,14.69788107,11.1110663
2022/23,10,45,21.6752669,17.68703737
2022/23,10,46,14.38733032,21.8280724
2022/23,10,47,22.66790123,18.19337037
2022/23,10,48,19.74860335,29.03312849
2022/23,10,49,18.21341463,27.18803523
2022/23,10,50,21.13315031,17.00818806
2022/23,10,52,18.03809524,14.49754762
2022/23,10,53,13.12168593,10.40530931
2022/23,10,55,11.96730633,9.010113717
2022/23,10,56,12.33128834,18.14730743
2022/23,10,57,17.57575758,14.28429924
2022/23,10,58,20.82193548,16.87978065
2022/23,10,59,17.13548951,13.72191434
2022/23,10,60,14.12107623,11.06950673
2022/23,10,61,10.93802817,14.72173239
2022/23,10,63,11.66486486,9.186783784
2022/23,10,64,13.00064977,10.370013
2022/23,10,67,16.42545455,13.30222727
2022/23,10,68,14.32983927,11.44040531
2022/23,10,69,26.11801242,36.48971429
2022/23,10,70,18.49864499,14.78850045
2022/23,10,71,24.12562814,19.3684781
2022/23,10,72,12.41135734,9.876932133
2022/23,10,73,14.33082707,11.45125313
2022/23,10,74,16.6939332,13.30068166
2022/23,10,75,22.95723014,32.72646979
2022/23,10,77,18.58653846,27.15807692
2022/23,10,78,20.63177806,30.11810845
2022/23,10,79,22.82777277,32.70474301
2022/23,10,80,24.59560907,34.54955382
2022/23,10,81,13.61411087,10.82346292
2022/23,10,83,15.03785104,11.99422466
2022/23,10,84,14.83143049,11.95530557
2022/23,10,85,15.65793011,12.48287634
2022/23,10,86,16.49937265,13.3502133
2022/23,10,87,15.0361865,12.0961865
2022/23,10,88,17.62030598,14.20777469
2022/23,10,89,19.72008397,29.1756683
2022/23,10,91,20.27581699,29.33937255
2022/23,10,93,23.09001406,33.04457806
2022/23,10,94,23.91764706,19.34266968
2022/23,10,95,21.65038924,17.73
2022/23,10,96,17.78342246,26.39120321
2022/23,10,97,19.70661157,29.23110193
2022/23,10,98,20.27266484,29.81748626
2022/23,10,102,13.26455696,10.20032911
2022/23,10,103,13.87576127,10.78878197
2022/23,10,104,16.81355932,13.65293559
2022/23,10,106,17.30243572,14.03415426
2022/23,10,108,14.23238566,11.08087763
2022/23,10,111,14.29197995,11.38908521
2022/23,10,112,17.08181027,13.86629243
2022/23,10,114,15.37172414,12.36441379
2022/23,10,117,15.49230769,12.19220118
2022/23,10,118,23.77845777,33.53614443
2022/23,10,120,23.42191977,33.01651146
2022/23,10,122,13.83771107,11.11635084
2022/23,10,123,18.79408138,15.06616523
2022/23,10,124,18.97574124,15.10279425
2022/23,10,125,20.49325236,16.47474359
2022/23,10,126,16.05392491,12.94262116
2022/23,10,127,26.33979885,36.28633621
2022/23,10,135,23.60449927,19.32190856
2022/23,10,139,13.30136986,19.95713014
2022/23,10,141,13.30108992,19.68672343
2022/23,10,142,24.37834133,34.54934887
2022/23,10,143,25.26004084,35.89135466
2022/23,10,145,27.69230769,38.68575549
2022/23,10,146,26.63093788,37.42693057
2022/23,10,147,29.96910856,42.34910856
2022/23,10,148,28.22887558,39.23974717
2022/23,10,150,23.56632653,34.12038265
2022/23,10,152,23.06362545,18.1872509
2022/23,10,153,18.02821748,14.39443909
2022/23,10,154,15.43445946,12.20379054
2022/23,10,155,14.94293667,11.96290884
2022/23,10,160,27.49818622,38.81827086
2022/23,10,161,23.50481696,18.72512524
2022/23,10,162,19.35190344,19.31247911
2022/23,10,163,18.99518072,17.95796386
2022/23,10,164,21.92406312,17.67538462
2022/23,10,165,20.44404004,16.57705187
2022/23,11,4,15.37353434,14.86615075
2022/23,11,9,18.57185588,18.57775663
2022/23,11,14,16.80584329,17.17119256
2022/23,11,15,15.41662708,15.68527316
2022/23,11,19,14.66794784,14.13675223
2022/23,11,23,17.26850829,16.94283978
2022/23,11,24,15.09728261,14.81280435
2022/23,11,27,15.73808845,15.33657061
2022/23,11,28,15.89847716,15.75872081
2022/23,11,30,17.27843137,17.36196639
2022/23,11,31,16.94303195,17.17995921
2022/23,11,35,18.16085409,19.7013879
2022/23,11,39,15.82405745,15.78438779
2022/23,11,40,17.48838951,17.96894382
2022/23,11,41,15.3443609,14.85432126
2022/23,11,45,19.73950178,21.20945907
2022/23,11,46,17.11638009,28.22974118
2022/23,11,47,20.56296296,21.41209877
2022/23,11,48,20.68324022,34.24245251
2022/23,11,49,19.83143631,32.66042818
2022/23,11,50,19.73699382,20.68673164
2022/23,11,52,18.21714286,18.76500952
2022/23,11,53,12.55091774,12.02326037
2022/23,11,55,13.4652452,12.34792893
2022/23,11,56,14.18677573,23.20756374
2022/23,11,57,16.21818182,16.47146212
2022/23,11,58,18.55277419,19.38684903
2022/23,11,59,15.9,15.9963007
2022/23,11,60,14.46887892,14.28594798
2022/23,11,61,12.40788732,17.79010141
2022/23,11,63,12.87459459,12.60180541
2022/23,11,64,14.00545809,13.32180377
2022/23,11,67,16.18472727,16.42354182
2022/23,11,68,15.04849755,14.95773585
2022/23,11,69,24.28521739,40.65751056
2022/23,11,70,17.98663053,17.85364408
2022/23,11,71,21.16410625,22.77252548
2022/23,11,72,12.10858726,11.53246537
2022/23,11,73,15.2,14.74151378
2022/23,11,74,16.46571234,16.53899387
2022/23,11,75,22.24738629,36.52853768
2022/23,11,77,19.31923077,31.53856731
2022/23,11,78,20.38940731,33.98608827
2022/23,11,79,22.02055906,36.16660775
2022/23,11,80,23.80566572,38.81595467
2022/23,11,81,14.31648668,14.07136645
2022/23,11,83,15.34749695,15.32472772
2022/23,11,84,15.38643385,15.44275621
2022/23,11,85,15.67580645,15.6481129
2022/23,11,86,16.18368883,16.49598996
2022/23,11,87,14.94892136,14.72084621
2022/23,11,88,16.82002782,17.04225869
2022/23,11,89,20.05598321,33.15781106
2022/23,11,91,20.39738562,33.32081569
2022/23,11,93,22.27341772,36.78081575
2022/23,11,94,20.05067873,20.99873303
2022/23,11,95,18.35527247,19.42558528
2022/23,11,96,17.60748663,29.58006417
2022/23,11,97,20.00936639,33.28819284
2022/23,11,98,20.68846154,33.66712637
2022/23,11,102,14.07493671,13.5411038
2022/23,11,103,13.67210719,12.93146894
2022/23,11,104,15.88338983,16.40626983
2022/23,11,106,16.45196211,16.73471719
2022/23,11,108,14.54833127,14.34933004
2022/23,11,111,14.43107769,14.34583459
2022/23,11,112,16.39965187,16.77049956
2022/23,11,114,14.74151724,14.71674483
2022/23,11,117,15.34863905,15.19222722
2022/23,11,118,22.51750306,36.70843574
2022/23,11,120,22.03839542,36.10517479
2022/23,11,122,13.76060038,13.77262289
2022/23,11,123,17.39482121,17.70196794
2022/23,11,124,17.4591195,17.70266307
2022/23,11,125,17.78245614,18.08917139
2022/23,11,126,13.99535836,14.33833174
2022/23,11,127,24.59770115,40.27386782
2022/23,11,135,19.80203193,21.19814804
2022/23,11,139,15.25863014,24.71323288
2022/23,11,141,15.05776567,24.22923706
2022/23,11,142,23.69129541,39.63917752
2022/23,11,143,23.00503744,38.67163513
2022/23,11,145,23.78296703,39.44108242
2022/23,11,146,24.79902558,41.2870743
2022/23,11,147,25.36204766,43.66093557
2022/23,11,148,26.23606121,43.62956753
2022/23,11,150,21.10816327,35.83409184
2022/23,11,152,20.45522209,21.02179112
2022/23,11,153,16.86662078,17.06941225
2022/23,11,154,15.99567568,15.31305946
2022/23,11,155,14.97731385,14.95304662
2022/23,11,160,23.53083434,38.85333978
2022/23,11,161,20.01156069,20.57798073
2022/23,11,162,16.85868152,20.83251253
2022/23,11,163,16.93975904,19.6769253
2022/23,11,164,18.46311637,18.96283235
2022/23,11,165,17.61747043,18.00211829
2022/23,12,4,36.32914573,24.81191792
2022/23,12,9,41.19238613,29.14202583
2022/23,12,14,38.99203187,28.13802789
2022/23,12,15,36.99524941,25.87118765
2022/23,12,19,31.90665752,21.57825669
2022/23,12,23,39.26381215,27.00851519
2022/23,12,24,32.56317935,22.05012908
2022/23,12,27,34.74393723,23.51171897
2022/23,12,28,35.75126904,24.15763959
2022/23,12,30,39.6442577,28.01237395
2022/23,12,31,37.87491502,26.07216179
2022/23,12,35,37.5524911,27.80656584
2022/23,12,39,33.24147217,22.54808797
2022/23,12,40,36.50842697,25.26769663
2022/23,12,41,33.71291866,22.53911825
2022/23,12,45,41.21975089,31.56102313
2022/23,12,46,40.75475113,45.99115837
2022/23,12,47,43.45185185,31.94588889
2022/23,12,48,45.54608939,50.73071927
2022/23,12,49,43.9397019,48.78595528
2022/23,12,50,42.74193548,31.44445436
2022/23,12,52,41.34047619,29.54604762
2022/23,12,53,24.56492182,15.25543848
2022/23,12,55,30.08457711,19.96859275
2022/23,12,56,31.23858214,35.15497614
2022/23,12,57,34.05492424,23.1990625
2022/23,12,58,38.77419355,27.25443871
2022/23,12,59,34.09178322,23.42306818
2022/23,12,60,32.79282511,22.17104036
2022/23,12,61,28.76760563,29.61585211
2022/23,12,63,31.61418919,21.20427703
2022/23,12,64,32.39311241,21.62322937
2022/23,12,67,36.87454545,25.25920909
2022/23,12,68,34.84136967,23.89830887
2022/23,12,69,47.37391304,53.03485714
2022/23,12,70,39.2899729,26.80840108
2022/23,12,71,44.80473798,33.4718593
2022/23,12,72,24.64889197,15.79309557
2022/23,12,73,35.39974937,23.61508772
2022/23,12,74,37.30743013,25.50900477
2022/23,12,75,43.43991853,47.60608961
2022/23,12,77,40.94350962,45.56069712
2022/23,12,78,40.25346784,45.0657377
2022/23,12,79,42.64111812,47.298945
2022/23,12,80,46.16147309,50.50495042
2022/23,12,81,34.34053276,23.22918647
2022/23,12,83,36.14285714,24.64301587
2022/23,12,84,37.03156481,24.91180658
2022/23,12,85,36.1391129,24.36027554
2022/23,12,86,36.96486826,25.26486826
2022/23,12,87,34.19206681,22.8746277
2022/23,12,88,37.3240612,25.37133519
2022/23,12,89,39.04618614,43.40768369
2022/23,12,91,39.36601307,43.33985621
2022/23,12,93,46.04289733,50.64560478
2022/23,12,94,39.36289593,27.9381991
2022/23,12,95,36.25194621,25.81484784
2022/23,12,96,35.94251337,40.66393048
2022/23,12,97,41.07713499,45.75817493
2022/23,12,98,42.2706044,46.7318956
2022/23,12,102,33.7556962,22.95517722
2022/23,12,103,28.85261876,18.14353228
2022/23,12,104,35.51322034,24.4503661
2022/23,12,106,35.97225981,24.52560893
2022/23,12,108,33.48207664,22.72273177
2022/23,12,111,33.88721805,22.72005013
2022/23,12,112,36.57441253,24.92060052
2022/23,12,114,32.83793103,22.10364828
2022/23,12,117,33.92781065,23.23752663
2022/23,12,118,45.47735618,49.63168911
2022/23,12,120,44.87750716,49.02959885
2022/23,12,122,31.93339587,21.51450281
2022/23,12,123,37.72626387,25.69893958
2022/23,12,124,37.92632525,25.88809524
2022/23,12,125,34.95546559,23.30098516
2022/23,12,126,27.87167235,18.78229352
2022/23,12,127,51.37643678,56.53670259
2022/23,12,135,39.41509434,28.32376633
2022/23,12,139,33.13630137,36.59109589
2022/23,12,141,33.28950954,37.19076294
2022/23,12,142,48.63879369,54.20257025
2022/23,12,143,45.18447924,50.11339006
2022/23,12,145,43.51236264,47.80309753
2022/23,12,146,48.88550548,54.52677223
2022/23,12,147,45.10944395,50.64586055
2022/23,12,148,53.55755156,59.72302728
2022/23,12,150,38.71173469,43.33262755
2022/23,12,152,41.73589436,29.27840336
2022/23,12,153,36.20440468,24.57088782
2022/23,12,154,35.84256757,23.48486486
2022/23,12,155,33.78218511,22.69083507
2022/23,12,160,42.51390568,45.83488513
2022/23,12,161,38.47398844,26.01615607
2022/23,12,162,31.76508821,25.60916435
2022/23,12,163,33.57349398,25.98291566
2022/23,12,164,35.12721893,23.50156805
2022/23,12,165,35.04276615,23.53158326
2022/23,13,4,38.69681742,32.20871859
2022/23,13,9,42.20870156,37.03315432
2022/23,13,14,40.57768924,36.36911023
2022/23,13,15,39.3064133,33.40514252
2022/23,13,19,33.45092656,27.23104324
2022/23,13,23,40.63743094,34.15069751
2022/23,13,24,33.84035326,27.22497283
2022/23,13,27,37.03281027,29.63419401
2022/23,13,28,37.91116751,29.93903553
2022/23,13,30,41.12745098,36.06643557
2022/23,13,31,39.3874915,32.1500068
2022/23,13,35,35.9386121,31.93844306
2022/23,13,39,32.36355476,26.20425494
2022/23,13,40,35.50749064,29.19405431
2022/23,13,41,35.28708134,27.78214627
2022/23,13,45,41.07651246,37.95019573
2022/23,13,46,43.12850679,57.24238009
2022/23,13,47,43.25555556,39.4178642
2022/23,13,48,45.84567039,61.35134777
2022/23,13,49,44.66802168,58.88067751
2022/23,13,50,42.55044612,38.94319835
2022/23,13,52,43.07619048,38.2067619
2022/23,13,53,21.20870156,14.95496941
2022/23,13,55,32.74555792,25.57149254
2022/23,13,56,32.28629857,43.09195637
2022/23,13,57,32.90056818,26.81693182
2022/23,13,58,37.57419355,31.70898065
2022/23,13,59,33.75087413,27.69541958
2022/23,13,60,34.35695067,27.20539013
2022/23,13,61,30.74295775,37.80557042
2022/23,13,63,34.87432432,27.60799324
2022/23,13,64,34.41325536,27.32779727
2022/23,13,67,38.03090909,31.29517273
2022/23,13,68,36.28791055,29.78842068
2022/23,13,69,39.09440994,51.44792547
2022/23,13,70,39.85185185,32.71347787
2022/23,13,71,44.31227566,40.5835463
2022/23,13,72,21.66066482,16.51033934
2022/23,13,73,37.43358396,29.79307018
2022/23,13,74,38.2263122,31.32078391
2022/23,13,75,34.75899525,46.48110659
2022/23,13,77,40.02524038,52.97377404
2022/23,13,78,32.68852459,44.67029004
2022/23,13,79,35.35617674,47.83365194
2022/23,13,80,36.54957507,48.58439802
2022/23,13,81,37.38804896,30.1924694
2022/23,13,83,37.94505495,31.30223443
2022/23,13,84,39.15446608,31.68326394
2022/23,13,85,37.54301075,30.23826613
2022/23,13,86,38.66373902,31.47910916
2022/23,13,87,35.83507307,28.48411273
2022/23,13,88,38.12378303,30.67463839
2022/23,13,89,29.183345,38.96007698
2022/23,13,91,29.49934641,38.90499346
2022/23,13,93,42.77637131,56.31676512
2022/23,13,94,35.76923077,29.15741176
2022/23,13,95,32.96178344,27.23790517
2022/23,13,96,33.0815508,44.69508021
2022/23,13,97,37.12258953,49.45120523
2022/23,13,98,39.4896978,51.96273352
2022/23,13,102,36.94303797,29.86405063
2022/23,13,103,27.61388551,20.39330085
2022/23,13,104,36.10033898,29.55758644
2022/23,13,106,36.65426252,29.36245602
2022/23,13,108,35.3461063,28.41843016
2022/23,13,111,36.12531328,28.835
2022/23,13,112,36.93559617,30.23643168
2022/23,13,114,34.35931034,27.37431724
2022/23,13,117,35.66863905,28.62866272
2022/23,13,118,40.97429621,53.8177601
2022/23,13,120,41.31876791,54.19477077
2022/23,13,122,32.56941839,26.63485929
2022/23,13,123,36.93218249,29.86611591
2022/23,13,124,37.65408805,30.32154537
2022/23,13,125,28.22672065,21.75049258
2022/23,13,126,23.68532423,18.77026621
2022/23,13,127,49.53735632,65.55676006
2022/23,13,135,36.66473149,30.38185776
2022/23,13,139,34.43082192,45.9384726
2022/23,13,141,35.99591281,48.49389646
2022/23,13,142,42.24880055,56.54227553
2022/23,13,143,38.10483322,51.51441797
2022/23,13,145,36.69986264,48.10620192
2022/23,13,146,42.09135201,55.52644336
2022/23,13,147,30.12180053,39.51872021
2022/23,13,148,50.25548902,67.19742515
2022/23,13,150,27.42602041,36.90211735
2022/23,13,152,39.92797119,33.25146459
2022/23,13,153,35.65519615,28.61284928
2022/23,13,154,36.29864865,28.38492568
2022/23,13,155,34.74251914,27.41380654
2022/23,13,160,34.30834341,44.49457074
2022/23,13,161,30.43352601,23.66723507
2022/23,13,162,24.6545961,23.0549675
2022/23,13,163,28.79759036,25.9433012
2022/23,13,164,27.7209073,21.59696252
2022/23,13,165,30.41492266,23.68156506
2022/23,14,4,49.92470687,43.59635343
2022/23,14,9,51.99537729,48.49363086
2022/23,14,14,50.637251,48.17664741
2022/23,14,15,50.6195962,44.85615796
2022/23,14,19,45.18078243,36.48706795
2022/23,14,23,51.21912983,44.6114268
2022/23,14,24,45.32044837,35.77711889
2022/23,14,27,48.67146933,40.00955777
2022/23,14,28,48.1571066,38.43665228
2022/23,14,30,51.41344538,47.92343347
2022/23,14,31,49.93596193,41.21295445
2022/23,14,35,40.39759786,34.95975178
2022/23,14,39,37.91840215,29.55228995
2022/23,14,40,40.53520599,32.17516479
2022/23,14,41,46.9924812,36.77220301
2022/23,14,45,49.64875445,45.94947598
2022/23,14,46,54.41764706,72.28535023
2022/23,14,47,51.83444444,48.8763679
2022/23,14,48,56.41110335,75.88989106
2022/23,14,49,54.1854336,71.41479472
2022/23,14,50,51.24323953,48.36386685
2022/23,14,52,53.04357143,50.5364881
2022/23,14,53,26.64976207,18.92160775
2022/23,14,55,45.12736318,34.8737683
2022/23,14,56,42.41486026,54.46066258
2022/23,14,57,38.203125,29.77539583
2022/23,14,58,43.0476129,35.21395226
2022/23,14,59,40.26730769,31.94492308
2022/23,14,60,43.43766816,33.67344664
2022/23,14,61,41.31274648,48.93671479
2022/23,14,63,45.17283784,36.20078446
2022/23,14,64,44.14652372,34.6401293
2022/23,14,67,47.579,39.19897
2022/23,14,68,46.24919637,38.16649476
2022/23,14,69,33.75428571,43.75522609
2022/23,14,70,48.63649503,40.25301445
2022/23,14,71,52.66338837,49.21325772
2022/23,14,72,25.36398892,19.08959349
2022/23,14,73,47.45025063,38.12808145
2022/23,14,74,46.70013633,38.52180504
2022/23,14,75,20.47284453,25.93826884
2022/23,14,77,45.92632212,60.57815024
2022/23,14,78,21.81828499,28.50075032
2022/23,14,79,25.31091073,33.43864112
2022/23,14,80,20.13654391,25.18297309
2022/23,14,81,48.13390929,39.41585889
2022/23,14,83,47.84261294,40.05774237
2022/23,14,84,49.06709201,40.68863801
2022/23,14,85,46.62950269,37.80992003
2022/23,14,86,47.97076537,39.62335257
2022/23,14,87,44.24112735,35.17024565
2022/23,14,88,46.24130737,36.80800417
2022/23,14,89,13.56871938,16.60148635
2022/23,14,91,16.26705882,19.99027843
2022/23,14,93,42.85436006,56.83958368
2022/23,14,94,34.74108597,25.74428054
2022/23,14,95,33.92639774,26.84350318
2022/23,14,96,33.85,45.33197059
2022/23,14,97,33.84242424,46.06863636
2022/23,14,98,39.94375,53.44433104
2022/23,14,102,47.77620253,39.3723
2022/23,14,103,34.13483557,24.80142266
2022/23,14,104,44.02311864,35.30032746
2022/23,14,106,44.40189445,35.19345061
2022/23,14,108,44.71928307,36.00465884
2022/23,14,111,46.42606516,36.79272556
2022/23,14,112,45.82758921,36.56323412
2022/23,14,114,42.94627586,34.07176414
2022/23,14,117,44.28639053,35.62648757
2022/23,14,118,35.45850673,46.58447491
2022/23,14,120,40.49434097,52.81939971
2022/23,14,122,40.67317073,32.51469981
2022/23,14,123,39.92009864,31.14626264
2022/23,14,124,40.64168913,31.65393801
2022/23,14,125,16.39237517,10.4149143
2022/23,14,126,16.31679181,11.10152287
2022/23,14,127,56.40186782,74.26192457
2022/23,14,135,38.32039187,29.66950653
2022/23,14,139,45.93027397,61.41128973
2022/23,14,141,47.79380109,64.40193529
2022/23,14,142,33.47573681,44.57165319
2022/23,14,143,29.5367597,39.31253233
2022/23,14,145,33.89072802,43.13464904
2022/23,14,146,29.84604141,38.37026431
2022/23,14,147,11.86019417,14.49219417
2022/23,14,148,54.79727212,73.61228543
2022/23,14,150,12.44515306,15.2625
2022/23,14,152,44.42388956,35.62622689
2022/23,14,153,40.26242257,31.43525189
2022/23,14,154,42.54621622,32.95492973
2022/23,14,155,41.66297843,32.52027905
2022/23,14,160,28.48295042,35.26126481
2022/23,14,161,16.50741811,10.40804528
2022/23,14,162,14.32144847,11.06775673
2022/23,14,163,22.09012048,18.61378916
2022/23,14,164,16.28303748,10.25598126
2022/23,14,165,25.54622384,18.60207097
2022/23,15,4,55.22110553,41.35061139
2022/23,15,9,56.17131203,44.4189191
2022/23,15,14,55.2749004,44.37226428
2022/23,15,15,55.33847981,41.79931116
2022/23,15,19,52.98833219,35.58837337
2022/23,15,23,56.50552486,41.22801796
2022/23,15,24,53.46671196,34.55002717
2022/23,15,27,55.51141227,38.86883024
2022/23,15,28,53.50761421,34.98903553
2022/23,15,30,56.23459384,44.10704482
2022/23,15,31,55.50305914,37.68666213
2022/23,15,35,38.20996441,25.09255338
2022/23,15,39,36.6929982,22.03235189
2022/23,15,40,39.89419476,24.48349251
2022/23,15,41,53.9138756,35.48594668
2022/23,15,45,53.89590747,39.86117438
2022/23,15,46,63.79638009,64.51331222
2022/23,15,47,55.97777778,41.92133333
2022/23,15,48,65.99441341,67.25147346
2022/23,15,49,62.53794038,61.7874729
2022/23,15,50,55.98078243,42.03724777
2022/23,15,52,57.5,44.90571429
2022/23,15,53,38.18762746,21.76157716
2022/23,15,55,53.02132196,34.22610519
2022/23,15,56,52.00408998,49.96184049
2022/23,15,57,37.77840909,22.68637311
2022/23,15,58,41.59096774,25.99552258
2022/23,15,59,40.82954545,25.09896853
2022/23,15,60,49.10313901,30.03022422
2022/23,15,61,51.34295775,45.72072535
2022/23,15,63,50.84391892,32.85546622
2022/23,15,64,50.67511371,31.14037687
2022/23,15,67,53.11363636,34.31677273
2022/23,15,68,52.66526904,34.22354997
2022/23,15,69,30.13540373,29.26662112
2022/23,15,70,53.69196025,34.78404697
2022/23,15,71,56.43646805,41.94741565
2022/23,15,72,34.53462604,19.37088643
2022/23,15,73,53.48245614,34.24229323
2022/23,15,74,51.53646898,33.37040218
2022/23,15,75,7.560081466,6.314100475
2022/23,15,77,45.60456731,45.41609375
2022/23,15,78,6.759142497,6.116179067
2022/23,15,79,9.093778179,8.323588819
2022/23,15,80,5.859065156,5.255835694
2022/23,15,81,53.05399568,35.04111591
2022/23,15,83,53.26984127,35.45319902
2022/23,15,84,54.23102754,36.1757824
2022/23,15,85,51.79166667,33.24928763
2022/23,15,86,52.95357591,34.37747804
2022/23,15,87,49.34655532,30.10137787
2022/23,15,88,50.23157163,31.18017385
2022/23,15,89,4.354093772,3.662988104
2022/23,15,91,5.250980392,4.362588235
2022/23,15,93,34.22714487,33.75384669
2022/23,15,94,27.12036199,15.55741176
2022/23,15,95,29.09200283,17.34404812
2022/23,15,96,30.26069519,29.93862299
2022/23,15,97,17.54338843,17.25413223
2022/23,15,98,31.76648352,31.82265797
2022/23,15,102,53.0721519,35.08539241
2022/23,15,103,40.97563946,24.05183922
2022/23,15,104,47.99322034,29.58108475
2022/23,15,106,49.24898512,30.1147429
2022/23,15,108,50.86897404,31.97402967
2022/23,15,111,51.9235589,32.12233083
2022/23,15,112,49.45953003,30.45241079
2022/23,15,114,46.62137931,28.56212414
2022/23,15,117,48.66627219,30.42900592
2022/23,15,118,17.0122399,16.55053856
2022/23,15,120,32.62464183,31.94060888
2022/23,15,122,44.56660413,27.28286116
2022/23,15,123,26.31196054,14.24965475
2022/23,15,124,26.88230009,14.58833783
2022/23,15,125,5.102564103,2.095013495
2022/23,15,126,6.762457338,2.743399317
2022/23,15,127,57.95402299,56.9834842
2022/23,15,135,32.18650218,18.46603774
2022/23,15,139,58.39589041,58.31930822
2022/23,15,141,60.13896458,59.86121253
2022/23,15,142,14.52090473,13.8763194
2022/23,15,143,12.23961879,11.47695711
2022/23,15,145,27.28983516,24.8618956
2022/23,15,146,11.50791717,10.77550548
2022/23,15,147,2.353045013,2.231906443
2022/23,15,148,55.47039255,55.20109115
2022/23,15,150,2.822704082,2.429094388
2022/23,15,152,40.02040816,24.29842737
2022/23,15,153,35.3062629,21.18993118
2022/23,15,154,42.58716216,25.47659459
2022/23,15,155,43.96729297,26.24035491
2022/23,15,160,21.66989117,19.00355502
2022/23,15,161,4.639691715,1.87761079
2022/23,15,162,4.382544104,2.058207985
2022/23,15,163,10.66746988,6.61186747
2022/23,15,164,5.295857988,1.992228797
2022/23,15,165,14.44404004,7.507907188
2022/23,16,4,54.7160804,42.34272194
2022/23,16,9,55.8028552,45.15938817
2022/23,16,14,54.86055777,45.63762284
2022/23,16,15,54.63301663,42.2843943
2022/23,16,19,53.43170899,38.30471517
2022/23,16,23,55.86049724,42.58900552
2022/23,16,24,53.89945652,37.12908967
2022/23,16,27,55.34094151,41.5293224
2022/23,16,28,52.3248731,35.19319797
2022/23,16,30,55.52521008,45.25605042
2022/23,16,31,54.49898029,38.74987084
2022/23,16,35,23.23398577,14.17680605
2022/23,16,39,20.93626571,11.58220826
2022/23,16,40,26.97940075,16.13061798
2022/23,16,41,53.62611073,38.11888585
2022/23,16,45,53.17437722,39.40940391
2022/23,16,46,61.50859729,65.35315837
2022/23,16,47,54.78395062,40.84692593
2022/23,16,48,63.47765363,68.3622067
2022/23,16,49,59.61788618,62.10365176
2022/23,16,50,55.11393274,42.07031572
2022/23,16,52,56.51666667,44.53054762
2022/23,16,53,43.31611149,26.39099932
2022/23,16,55,53.0021322,37.39996446
2022/23,16,56,52.31015678,53.0969666
2022/23,16,57,25.04829545,14.51966856
2022/23,16,58,27.51354839,17.11338065
2022/23,16,59,28.10664336,17.24207168
2022/23,16,60,49.01973094,31.31042152
2022/23,16,61,52.17042254,49.60842254
2022/23,16,63,50.81689189,34.2489527
2022/23,16,64,50.31903834,32.44545159
2022/23,16,67,51.90272727,34.54291818
2022/23,16,68,52.63312369,35.52680643
2022/23,16,69,22.49192547,23.2837764
2022/23,16,70,52.41102078,34.82735321
2022/23,16,71,54.73295047,40.94315147
2022/23,16,72,39.31024931,23.10716759
2022/23,16,73,53.02631579,35.38642857
2022/23,16,74,50.40899796,33.6072529
2022/23,16,75,2.83910387,0.960651731
2022/23,16,77,31.91346154,33.1266226
2022/23,16,78,1.315258512,0.60518285
2022/23,16,79,2.076645627,1.147989179
2022/23,16,80,1.956090652,0.897677054
2022/23,16,81,52.12095032,35.90008639
2022/23,16,83,52.4981685,36.21967033
2022/23,16,84,53.29885829,36.99139691
2022/23,16,85,50.78225806,33.96875
2022/23,16,86,51.25846926,34.29590966
2022/23,16,87,47.361865,30.02140571
2022/23,16,88,48.23504868,31.03775382
2022/23,16,89,2.011896431,0.673205038
2022/23,16,91,1.645751634,0.379372549
2022/23,16,93,21.12869198,22.29410689
2022/23,16,94,17.30226244,10.40228054
2022/23,16,95,20.96602972,13.30159943
2022/23,16,96,22.22459893,23.66135027
2022/23,16,97,4.299586777,3.74100551
2022/23,16,98,18.89423077,20.04916896
2022/23,16,102,51.80886076,35.52963291
2022/23,16,103,40.0998782,25.25126675
2022/23,16,104,45.89220339,29.3819322
2022/23,16,106,47.70094723,30.4776793
2022/23,16,108,50.07787392,33.05384425
2022/23,16,111,50.38972431,32.51531328
2022/23,16,112,44.20713664,28.70176675
2022/23,16,114,36.4337931,23.13956552
2022/23,16,117,43.87928994,28.75662722
2022/23,16,118,4.691554468,3.869351285
2022/23,16,120,19.37893983,19.93317335
2022/23,16,122,40.10225141,25.65008443
2022/23,16,123,7.736128237,3.490739827
2022/23,16,124,8.063791554,3.601752022
2022/23,16,125,1.394736842,0.282354926
2022/23,16,126,1.797952218,0.474703072
2022/23,16,127,43.10704023,45.55854167
2022/23,16,135,21.96806967,12.89225689
2022/23,16,139,58.22808219,63.25782877
2022/23,16,141,60.15735695,64.7072752
2022/23,16,142,3.001370802,2.342069911
2022/23,16,143,2.230088496,1.937358747
2022/23,16,145,16.22870879,14.43600962
2022/23,16,146,2.119366626,1.852168088
2022/23,16,147,0.836716681,0.088084731
2022/23,16,148,40.11244178,41.55340652
2022/23,16,150,1.099489796,0.085191327
2022/23,16,152,29.63985594,18.74968788
2022/23,16,153,14.66483138,7.578823125
2022/23,16,154,31.12297297,18.98166216
2022/23,16,155,34.31176061,21.04036186
2022/23,16,160,13.20072551,11.08528416
2022/23,16,161,1.073217726,0.135115607
2022/23,16,162,1.466109564,0.089888579
2022/23,16,163,2.106024096,1.232795181
2022/23,16,164,1.593688363,0.160779093
2022/23,16,165,3.803457689,1.594740673
2022/23,17,4,61.7881072,40.67243719
2022/23,17,9,64.17946975,43.89543168
2022/23,17,14,63.42762284,44.36351926
2022/23,17,15,61.63182898,39.67452494
2022/23,17,19,60.25875086,37.83042553
2022/23,17,23,64.44751381,41.73012431
2022/23,17,24,60.85122283,36.87743886
2022/23,17,27,62.88302425,40.79322397
2022/23,17,28,57.64720812,33.26527919
2022/23,17,30,64.33683473,43.76978291
2022/23,17,31,61.8171312,37.8921346
2022/23,17,35,8.264234875,3.339510676
2022/23,17,39,6.136445242,2.259587074
2022/23,17,40,11.90730337,4.847003745
2022/23,17,41,60.77101846,37.48041695
2022/23,17,45,60.53825623,37.62202847
2022/23,17,46,67.27058824,63.26954751
2022/23,17,47,62.0345679,38.43230864
2022/23,17,48,70.03072626,66.23547486
2022/23,17,49,65.33536585,60.32573848
2022/23,17,50,63.69045985,40.40350721
2022/23,17,52,64.39761905,42.23
2022/23,17,53,54.40516655,30.6792726
2022/23,17,55,59.89196873,36.95985785
2022/23,17,56,57.80231766,53.40584867
2022/23,17,57,10.22253788,3.996467803
2022/23,17,58,12.3083871,5.222670968
2022/23,17,59,12.7027972,5.323837413
2022/23,17,60,55.40896861,31.04074439
2022/23,17,61,59.52394366,51.16855634
2022/23,17,63,58.69932432,34.25231081
2022/23,17,64,57.63547758,32.11598441
2022/23,17,67,58.62272727,33.37738182
2022/23,17,68,60.94479385,35.42304682
2022/23,17,69,11.16521739,8.890509317
2022/23,17,70,58.96567299,33.45990063
2022/23,17,71,62.85786073,38.49543431
2022/23,17,72,48.3968144,25.97572022
2022/23,17,73,60.79072682,34.7037594
2022/23,17,74,57.09202454,32.43056578
2022/23,17,75,1.99796334,0.000196877
2022/23,17,77,26.0625,23.71483173
2022/23,17,78,0.997477932,0
2022/23,17,79,1.412984671,0.001677187
2022/23,17,80,1.882436261,0.001048159
2022/23,17,81,59.88552916,35.26421166
2022/23,17,83,60.3015873,35.33984127
2022/23,17,84,61.2337139,36.08454668
2022/23,17,85,57.76075269,33.13942204
2022/23,17,86,57.41154329,32.67816813
2022/23,17,87,52.10020877,28.64218511
2022/23,17,88,53.33379694,29.46619611
2022/23,17,89,1.99720084,0.000846746
2022/23,17,91,1.164705882,0
2022/23,17,93,8.9395218,6.923178622
2022/23,17,94,8.781900452,3.399909502
2022/23,17,95,19.61854211,10.38823779
2022/23,17,96,19.35695187,18.14585561
2022/23,17,97,1.26446281,0.257988981
2022/23,17,98,7.638736264,5.698063187
2022/23,17,102,58.46962025,34.33898734
2022/23,17,103,42.69062119,23.01459196
2022/23,17,104,50.59932203,28.18927458
2022/23,17,106,52.93843031,29.46366035
2022/23,17,108,56.60815822,32.42134734
2022/23,17,111,56.52506266,31.68136591
2022/23,17,112,38.87902524,20.44883377
2022/23,17,114,16.69517241,6.681041379
2022/23,17,117,38.60473373,20.35472189
2022/23,17,118,2.317013464,0.150820073
2022/23,17,120,7.824498567,5.822041547
2022/23,17,122,33.63977486,16.95677298
2022/23,17,123,1.057953144,0.368273736
2022/23,17,124,1.194968553,0.384357592
2022/23,17,125,1.229419703,0
2022/23,17,126,1.126962457,0.030825939
2022/23,17,127,31.18965517,28.26346983
2022/23,17,135,17.6436865,8.541095791
2022/23,17,139,65.63219178,63.28365753
2022/23,17,141,68.69891008,65.92921662
2022/23,17,142,1.248115147,0.000424949
2022/23,17,143,0.623553438,0.017726344
2022/23,17,145,8.931318681,6.687637363
2022/23,17,146,0.676004872,0.001936663
2022/23,17,147,0.489849956,0
2022/23,17,148,29.9075183,26.80318031
2022/23,17,150,0.905612245,0
2022/23,17,152,28.46098439,15.83512605
2022/23,17,153,2.498279422,0.846311081
2022/23,17,154,26.49797297,14.30469595
2022/23,17,155,27.79610299,14.78129436
2022/23,17,160,7.126964933,5.07668682
2022/23,17,161,0.688824663,0
2022/23,17,162,0.91457753,0
2022/23,17,163,0.16746988,0.069795181
2022/23,17,164,1.034516765,0
2022/23,17,165,0.573248408,0.123585077
2023/24,0,1,3.840528634,0.002845815
2023/24,0,4,4.064489112,0.001859296
2023/24,0,5,4.609103079,0
2023/24,0,6,3.405627198,0
2023/24,0,7,3.195652174,0.015700483
2023/24,0,11,12.2707088,4.30704526
2023/24,0,12,11.7901151,4.037373053
2023/24,0,13,8.895256917,2.777108037
2023/24,0,16,2.74109589,0
2023/24,0,17,3.508047586,0.029412176
2023/24,0,18,4.751356239,0.000162749
2023/24,0,19,3.915579959,0.013603294
2023/24,0,21,3.718002813,0
2023/24,0,22,4.226050999,0
2023/24,0,24,5.063179348,0
2023/24,0,25,4.441981747,0.005567145
2023/24,0,26,3.622891566,0
2023/24,0,27,5.432952924,0
2023/24,0,28,5.403553299,0
2023/24,0,29,11.55493352,3.935479356
2023/24,0,32,7.911013216,2.429903084
2023/24,0,34,3.001365188,0.089064846
2023/24,0,41,4.238550923,0
2023/24,0,44,4.002162942,0
2023/24,0,52,4.152380952,0
2023/24,0,55,3.845771144,0
2023/24,0,77,0.061298077,0
2023/24,0,86,6.404015056,1.834579674
2023/24,0,87,3.83855254,0.304572025
2023/24,0,88,3.835883171,0.073574409
2023/24,0,90,3.147552448,0.095643357
2023/24,0,92,3.860040568,0.986125761
2023/24,0,99,9.861212564,6.714740687
2023/24,0,100,6.862130707,1.987350045
2023/24,0,102,7.681012658,2.311088608
2023/24,0,103,3.668696711,0
2023/24,0,104,4.004745763,0.138067797
2023/24,0,106,5.01894452,0.978376184
2023/24,0,108,3.634116193,0.001334981
2023/24,0,109,11.19077307,3.791371571
2023/24,0,110,7.851323829,2.073007468
2023/24,0,111,4.276942356,0.45452381
2023/24,0,112,12.71801567,4.553820714
2023/24,0,114,4.884137931,0.828262069
2023/24,0,116,4.352710647,0.459412149
2023/24,0,117,4.494674556,0.85895858
2023/24,0,118,31.11138311,18.92610771
2023/24,0,119,6.526622903,3.969139314
2023/24,0,121,14.83002056,10.54614805
2023/24,0,122,8.485928705,2.680787992
2023/24,0,123,5.770653514,1.608816276
2023/24,0,124,11.47259659,3.753378257
2023/24,0,125,0.5,0
2023/24,0,126,2.285324232,0.342675768
2023/24,0,128,10.64028777,6.716805755
2023/24,0,129,14.04163623,9.650934989
2023/24,0,130,5,0.004233901
2023/24,0,131,5.213114754,2.179806259
2023/24,0,132,16.58471074,11.90826446
2023/24,0,133,3.636092468,0.52803132
2023/24,0,134,6.284977909,2.114793814
2023/24,0,136,3.744884038,0
2023/24,0,137,4.461444308,0
2023/24,0,138,3.499320652,0.025699728
2023/24,0,140,19.45016949,14.64338983
2023/24,0,144,4.462387854,0.052967564
2023/24,0,145,4.072802198,0.015769231
2023/24,0,149,4.129326047,2.17136612
2023/24,0,151,3.865454545,1.878690909
2023/24,0,152,4.504201681,0.361212485
2023/24,0,153,13.53269098,4.896978665
2023/24,0,154,5.259459459,0.286527027
2023/24,0,155,4.251217815,0.798434238
2023/24,0,156,3.921985816,0
2023/24,0,157,2.8,0
2023/24,0,158,3.332720588,0
2023/24,0,159,3.441901408,0
2023/24,0,160,3.149939541,1.317509069
2023/24,1,1,3.255506608,0.679057269
2023/24,1,4,3.322445561,0.663551089
2023/24,1,5,3.471218206,0.031726908
2023/24,1,6,2.583821805,0.000398593
2023/24,1,7,3.380434783,1.034710145
2023/24,1,11,15.44321093,9.927190436
2023/24,1,12,14.41299932,9.138144888
2023/24,1,13,11.49934124,6.634156785
2023/24,1,16,3.118493151,0
2023/24,1,17,3.720083975,1.082617215
2023/24,1,18,3.908679928,0.353815552
2023/24,1,19,3.63349348,0.634893617
2023/24,1,21,3.530942335,0
2023/24,1,22,3.72226051,0
2023/24,1,24,3.898777174,0.010074728
2023/24,1,25,4.065189048,0.794667536
2023/24,1,26,2.930120482,0.219
2023/24,1,27,4.07489301,0.000313837
2023/24,1,28,4.043147208,0.036091371
2023/24,1,29,14.62841148,8.936081176
2023/24,1,32,11.57621145,6.762546256
2023/24,1,34,3.621843003,1.403638225
2023/24,1,41,3.345181135,0
2023/24,1,44,3.893294881,0.003518385
2023/24,1,52,3.085714286,0.113190476
2023/24,1,55,3.304193319,0
2023/24,1,77,1.015625,0
2023/24,1,86,9.515683814,5.101104141
2023/24,1,87,5.482254697,2.256610995
2023/24,1,88,4.322670376,1.405639777
2023/24,1,90,2.972027972,1.940776224
2023/24,1,92,5.152129817,4.503745774
2023/24,1,99,16.03140979,17.67915267
2023/24,1,100,10.78871979,6.13950761
2023/24,1,102,10.74936709,5.885227848
2023/24,1,103,2.962241169,0.003239951
2023/24,1,104,4.24,1.383369492
2023/24,1,106,7.319350474,3.583843031
2023/24,1,108,3.124845488,0.664833127
2023/24,1,109,15.49625935,9.850523691
2023/24,1,110,9.174473863,4.806761711
2023/24,1,111,6.080200501,2.668308271
2023/24,1,112,15.8181027,10.10040905
2023/24,1,114,7.673793103,3.920689655
2023/24,1,116,6.50751143,2.939732201
2023/24,1,117,7.213017751,3.417349112
2023/24,1,118,36.71970624,44.81362301
2023/24,1,119,10.11451495,10.59828592
2023/24,1,121,19.56339959,22.28244003
2023/24,1,122,11.74577861,6.505956848
2023/24,1,123,7.541307028,4.075758323
2023/24,1,124,16.57412399,10.36190476
2023/24,1,125,1.102564103,0
2023/24,1,126,4.460750853,1.973017065
2023/24,1,128,16.17697842,18.20615827
2023/24,1,129,17.45069394,19.38402484
2023/24,1,130,4.017764619,0
2023/24,1,131,9.561847988,9.901624441
2023/24,1,132,20.8422865,23.3744146
2023/24,1,133,5.348247576,4.560372856
2023/24,1,134,7.648011782,5.12718704
2023/24,1,136,3.102319236,0.054986357
2023/24,1,137,3.694002448,0
2023/24,1,138,3.408288043,0
2023/24,1,140,23.61966102,26.88366102
2023/24,1,144,3.820565908,0.415907522
2023/24,1,145,3.174450549,0.036998626
2023/24,1,149,9.760473588,10.41530965
2023/24,1,151,7.804848485,7.911466667
2023/24,1,152,6.5030012,2.619471789
2023/24,1,153,16.90295939,11.06865795
2023/24,1,154,5.966891892,2.064391892
2023/24,1,155,7.960334029,3.968482951
2023/24,1,156,3.228132388,0
2023/24,1,157,2.392035398,0
2023/24,1,158,3.036764706,0
2023/24,1,159,2.975352113,0
2023/24,1,160,7.093107618,7.038839178
2023/24,2,1,6.160352423,3.367101322
2023/24,2,4,5.474036851,2.826063652
2023/24,2,5,3.236278447,0.941860776
2023/24,2,6,2.118405627,0.101957796
2023/24,2,7,7.103864734,4.103055556
2023/24,2,11,16.80700256,14.06029035
2023/24,2,12,15.69871361,12.80964794
2023/24,2,13,13.66798419,10.47789855
2023/24,2,16,2.607534247,0.000965753
2023/24,2,17,7.025192442,4.178621414
2023/24,2,18,5.164556962,2.2879566
2023/24,2,19,5.818119423,2.798743995
2023/24,2,21,2.930379747,0.120196906
2023/24,2,22,2.861474845,0.012212267
2023/24,2,24,3.245923913,0.709470109
2023/24,2,25,6.807040417,3.515306389
2023/24,2,26,4.56626506,2.291578313
2023/24,2,27,2.981455064,0.161747504
2023/24,2,28,3.492385787,1.049746193
2023/24,2,29,15.68789363,12.57481456
2023/24,2,32,14.74185022,11.75800881
2023/24,2,34,6.576791809,4.018518771
2023/24,2,41,2.332877649,0.027361586
2023/24,2,44,3.144196107,0.097837058
2023/24,2,52,3.278571429,1.553428571
2023/24,2,55,2.401563611,0.061862118
2023/24,2,77,2.038461538,0.683641827
2023/24,2,86,12.73651192,9.288820577
2023/24,2,87,9.370911621,5.994752958
2023/24,2,88,7.129346314,3.921411683
2023/24,2,90,5.581118881,6.215559441
2023/24,2,92,8.590263692,10.56106829
2023/24,2,99,23.79181885,31.63965668
2023/24,2,100,13.93733214,10.96351835
2023/24,2,102,12.75063291,9.239202532
2023/24,2,103,2.202192448,0.523520097
2023/24,2,104,6.239322034,3.677166102
2023/24,2,106,9.580514208,6.452489851
2023/24,2,108,4.709517923,2.435747837
2023/24,2,109,18.02618454,15.0092394
2023/24,2,110,10.25594026,7.136992532
2023/24,2,111,9.145363409,5.952857143
2023/24,2,112,18.07832898,15.13361184
2023/24,2,114,10.82827586,7.970572414
2023/24,2,116,9.998040496,6.757217505
2023/24,2,117,10.27100592,7.029088757
2023/24,2,118,32.46022032,55.06417381
2023/24,2,119,14.83150985,18.84224654
2023/24,2,121,23.49280329,30.81199452
2023/24,2,122,15.30487805,11.68196998
2023/24,2,123,9.035758323,6.343304562
2023/24,2,124,19.53548967,16.1984726
2023/24,2,125,2.720647773,0.9967139
2023/24,2,126,7.489419795,4.816232082
2023/24,2,128,21.14604317,27.97746763
2023/24,2,129,21.40248356,27.80943024
2023/24,2,130,3.071058475,0.032057735
2023/24,2,131,15.52160954,19.95132638
2023/24,2,132,24.74655647,32.41986226
2023/24,2,133,9.835197614,11.72428039
2023/24,2,134,9.463917526,9.237783505
2023/24,2,136,2.88744884,1.247100955
2023/24,2,137,2.931456548,0.047980416
2023/24,2,138,2.707201087,0
2023/24,2,140,24.37355932,33.18587119
2023/24,2,144,3.528640442,2.38989648
2023/24,2,145,2.769230769,1.082074176
2023/24,2,149,18.00819672,23.95433515
2023/24,2,151,13.33454545,17.72197576
2023/24,2,152,10.29651861,6.50665066
2023/24,2,153,18.36613902,15.69126635
2023/24,2,154,8.554054054,4.998594595
2023/24,2,155,11.82672234,8.067160752
2023/24,2,156,2.856973995,0
2023/24,2,157,2.425663717,0.005522124
2023/24,2,158,3,0
2023/24,2,159,2.897007042,0.000440141
2023/24,2,160,13.71946796,17.65386941
2023/24,3,1,7.901321586,7.392237885
2023/24,3,4,6.847571189,5.777562814
2023/24,3,5,4.730923695,3.645421687
2023/24,3,6,2.135990621,1.003939039
2023/24,3,7,9.141304348,9.040060386
2023/24,3,11,14.90179334,17.13998292
2023/24,3,12,13.74407583,15.32268111
2023/24,3,13,12.83530962,14.17242424
2023/24,3,16,2.034931507,0.367486301
2023/24,3,17,8.289013296,8.223044087
2023/24,3,18,6.326401447,5.357016275
2023/24,3,19,6.623198353,5.755264242
2023/24,3,21,2.989451477,1.717601969
2023/24,3,22,2.171605789,0.651681599
2023/24,3,24,4.080163043,2.817629076
2023/24,3,25,7.813559322,7.317653194
2023/24,3,26,6.609638554,5.739228916
2023/24,3,27,2.658345221,1.370256776
2023/24,3,28,3.987309645,2.645025381
2023/24,3,29,14.23792862,15.63697691
2023/24,3,32,13.77709251,16.27620264
2023/24,3,34,7.57883959,6.866361775
2023/24,3,41,1.943950786,0.666172249
2023/24,3,44,2.409516943,0.594419611
2023/24,3,52,5.49047619,4.102571429
2023/24,3,55,2.184790334,0.965700071
2023/24,3,77,4.837740385,6.642668269
2023/24,3,86,12.96612296,13.93390213
2023/24,3,87,10.18580376,9.937926235
2023/24,3,88,7.478442281,6.420959666
2023/24,3,90,7.807692308,12.26681119
2023/24,3,92,10.69709263,17.26780933
2023/24,3,99,22.23228634,41.3265084
2023/24,3,100,14.06893465,15.77710833
2023/24,3,102,13.0835443,13.20189873
2023/24,3,103,3.790499391,2.550194884
2023/24,3,104,7.560677966,6.464488136
2023/24,3,106,10.22462788,9.67308525
2023/24,3,108,6.384425216,5.152224969
2023/24,3,109,16.53865337,19.47023691
2023/24,3,110,10.3048201,10.51939579
2023/24,3,111,10.04511278,9.676704261
2023/24,3,112,16.33507398,19.5886423
2023/24,3,114,11.14827586,11.69877241
2023/24,3,116,10.58654474,10.7449902
2023/24,3,117,11.02721893,10.7992426
2023/24,3,118,22.69767442,42.6227295
2023/24,3,119,14.85630926,25.80422319
2023/24,3,121,21.15695682,37.53057574
2023/24,3,122,14.15196998,16.19486867
2023/24,3,123,8.21701603,8.664562269
2023/24,3,124,17.48247978,21.30238095
2023/24,3,125,6.483130904,5.396545209
2023/24,3,126,7.66894198,7.31221843
2023/24,3,128,19.81870504,35.3436259
2023/24,3,129,19.33235939,34.32835646
2023/24,3,130,2.521835677,1.517934863
2023/24,3,131,16.39120715,28.4852608
2023/24,3,132,21.83539945,39.66984848
2023/24,3,133,11.06040268,18.56824012
2023/24,3,134,10.09646539,14.08046392
2023/24,3,136,3.53478854,4.325470668
2023/24,3,137,2.438188494,1.836842105
2023/24,3,138,1.997282609,0.015
2023/24,3,140,20.23118644,38.20875254
2023/24,3,144,4.523119393,5.995886818
2023/24,3,145,3.447115385,4.336085165
2023/24,3,149,18.36612022,33.42701275
2023/24,3,151,14.77939394,26.35345455
2023/24,3,152,11.38295318,11.65630252
2023/24,3,153,16.23331039,19.73772884
2023/24,3,154,9.378378378,8.975756757
2023/24,3,155,11.22129436,11.54823243
2023/24,3,156,2.047281324,0.000508274
2023/24,3,157,2.256637168,0.676920354
2023/24,3,158,2.161764706,0.006231618
2023/24,3,159,2.124119718,0.32290493
2023/24,3,160,15.08827086,27.09990326
2023/24,4,1,12.93656388,11.93210573
2023/24,4,4,11.10971524,9.358249581
2023/24,4,5,8.684738956,7.29186747
2023/24,4,6,3.948417351,2.550855803
2023/24,4,7,14.50603865,13.80468599
2023/24,4,11,19.14432109,20.34632792
2023/24,4,12,17.83276913,17.81865944
2023/24,4,13,17.88208169,17.83500659
2023/24,4,16,3.82739726,2.259678082
2023/24,4,17,12.43386984,11.36675297
2023/24,4,18,10.27486438,8.992377939
2023/24,4,19,9.444749485,7.668565546
2023/24,4,21,6.315752461,4.389810127
2023/24,4,22,4.124741558,2.523101309
2023/24,4,24,7.434782609,5.687778533
2023/24,4,25,11.76401565,10.47874837
2023/24,4,26,10.87951807,9.473156627
2023/24,4,27,5.131954351,3.633980029
2023/24,4,28,6.312182741,4.410939086
2023/24,4,29,18.64380686,18.72329601
2023/24,4,32,18.15947137,20.74265198
2023/24,4,34,10.48668942,8.595767918
2023/24,4,41,3.823650034,2.409193438
2023/24,4,44,3.40519106,1.834708003
2023/24,4,52,9.983333333,8.238095238
2023/24,4,55,4.528073916,2.989161336
2023/24,4,77,11.52884615,17.42314904
2023/24,4,86,18.14930991,18.43485571
2023/24,4,87,15.84481559,15.11610995
2023/24,4,88,11.87621697,10.10539638
2023/24,4,90,11.98601399,17.19488811
2023/24,4,92,17.12914131,25.41903989
2023/24,4,99,28.25346969,49.38780131
2023/24,4,100,18.70546106,20.94400179
2023/24,4,102,18.34556962,18.13753165
2023/24,4,103,7.572472594,5.645956151
2023/24,4,104,12.2020339,10.47496949
2023/24,4,106,15.11096076,14.0664276
2023/24,4,108,11.67737948,9.609196539
2023/24,4,109,20.96633416,23.87008728
2023/24,4,110,14.78343517,14.50252546
2023/24,4,111,15.38345865,14.37215539
2023/24,4,112,21.08964317,23.62700609
2023/24,4,114,15.54827586,15.40865517
2023/24,4,116,15.57870673,14.85772044
2023/24,4,117,16.50650888,15.81183432
2023/24,4,118,19.79681763,26.37226438
2023/24,4,119,20.69948942,32.5114515
2023/24,4,121,27.74160384,44.99166552
2023/24,4,122,19.21669794,20.37508443
2023/24,4,123,10.77681874,10.62759556
2023/24,4,124,21.78256963,25.91274933
2023/24,4,125,12.76855601,11.79720648
2023/24,4,126,10.82389078,9.827672355
2023/24,4,128,25.74964029,40.70578417
2023/24,4,129,25.3046019,40.35913806
2023/24,4,130,4.867505551,5.919030348
2023/24,4,131,23.28092399,34.43033532
2023/24,4,132,27.85330579,46.00236915
2023/24,4,133,16.56897837,24.68798658
2023/24,4,134,15.0736377,19.35703976
2023/24,4,136,6.641882674,8.837564802
2023/24,4,137,4.897184823,6.310403917
2023/24,4,138,2.088315217,0.816066576
2023/24,4,140,25.51118644,41.82429153
2023/24,4,144,8.072463768,11.3347343
2023/24,4,145,6.989010989,9.486339286
2023/24,4,149,25.71129326,40.51322404
2023/24,4,151,20.91151515,32.38458182
2023/24,4,152,17.93997599,16.3195078
2023/24,4,153,20.72539573,23.359649
2023/24,4,154,14.61418919,12.59698649
2023/24,4,155,16.01809325,14.56872651
2023/24,4,156,2.087470449,0.329479905
2023/24,4,157,4.70619469,2.897672566
2023/24,4,158,2.466911765,0.695919118
2023/24,4,159,4.360035211,2.351390845
2023/24,4,160,21.91898428,33.64752116
2023/24,5,1,18.95488987,16.09760352
2023/24,5,4,16.67319933,13.58998409
2023/24,5,5,13.27878179,10.69036546
2023/24,5,6,6.508440797,4.55185932
2023/24,5,7,19.78007246,16.86860628
2023/24,5,11,23.69931682,23.51679761
2023/24,5,12,22.08937035,20.56477928
2023/24,5,13,22.9326087,21.75010145
2023/24,5,16,7.90869863,5.422570548
2023/24,5,17,16.53617915,13.80418404
2023/24,5,18,14.70578662,12.02698825
2023/24,5,19,11.95202471,9.268100206
2023/24,5,21,10.48171589,7.506355134
2023/24,5,22,7.359614059,4.837718125
2023/24,5,24,11.66358696,9.142584239
2023/24,5,25,16.03102999,12.96522816
2023/24,5,26,15.7313253,12.8053253
2023/24,5,27,9.164835949,6.993238231
2023/24,5,28,9.495177665,6.836751269
2023/24,5,29,23.2716585,22.25376977
2023/24,5,32,22.79374449,24.07004493
2023/24,5,34,14.17911263,11.08979454
2023/24,5,41,6.718045113,4.794353383
2023/24,5,44,5.575342466,3.615819755
2023/24,5,52,15.77714286,12.91009762
2023/24,5,55,8.065103056,5.815513149
2023/24,5,77,20.26935096,28.07063822
2023/24,5,86,23.62860728,22.00503764
2023/24,5,87,22.24878219,19.85860543
2023/24,5,88,17.70785814,14.73396453
2023/24,5,90,16.32923077,22.09113077
2023/24,5,92,23.95679513,33.94682556
2023/24,5,99,33.91278305,54.03271512
2023/24,5,100,23.46436885,24.17533124
2023/24,5,102,23.49265823,21.69186076
2023/24,5,103,12.74177832,9.913331303
2023/24,5,104,17.83044068,14.96380339
2023/24,5,106,20.18477673,17.46890054
2023/24,5,108,18.35055624,14.9916403
2023/24,5,109,25.76221945,27.33231172
2023/24,5,110,19.90678887,18.26444331
2023/24,5,111,21.25288221,18.67703509
2023/24,5,112,25.28085292,26.33223847
2023/24,5,114,20.0602069,18.58167034
2023/24,5,116,20.78073155,18.71319138
2023/24,5,117,22.04295858,20.35665207
2023/24,5,118,16.83390453,20.64986781
2023/24,5,119,26.06061269,38.53715609
2023/24,5,121,33.03845099,50.00941535
2023/24,5,122,23.75009381,23.85858724
2023/24,5,123,13.26510481,12.01026387
2023/24,5,124,26.20035939,28.43427853
2023/24,5,125,19.84527665,17.40905128
2023/24,5,126,14.39610922,12.06988328
2023/24,5,128,31.38007194,44.44641007
2023/24,5,129,31.11818846,45.4275252
2023/24,5,130,8.471872687,11.31382976
2023/24,5,131,29.35245902,39.76304918
2023/24,5,132,33.27954545,50.00386364
2023/24,5,133,22.59060403,30.69109098
2023/24,5,134,19.88019146,24.11647938
2023/24,5,136,10.02380628,13.38472647
2023/24,5,137,8.76499388,12.0000306
2023/24,5,138,3.349320652,3.476799592
2023/24,5,140,30.76942373,45.55463932
2023/24,5,144,12.91380262,18.6348882
2023/24,5,145,13.05418956,18.55980288
2023/24,5,149,32.44298725,47.17284882
2023/24,5,151,26.75733333,37.51116
2023/24,5,152,23.81176471,20.62052341
2023/24,5,153,25.07666896,25.63046937
2023/24,5,154,19.78736486,15.90934459
2023/24,5,155,20.94745999,17.09081559
2023/24,5,156,3.955319149,2.270147754
2023/24,5,157,8.917787611,6.516740708
2023/24,5,158,5.083455882,3.125334559
2023/24,5,159,8.722535211,6.069840669
2023/24,5,160,29.12273277,40.82924667
2023/24,6,1,17.18678414,18.65247577
2023/24,6,4,15.91457286,16.57001675
2023/24,6,5,13.58567604,13.14052209
2023/24,6,6,9.50996483,7.607221571
2023/24,6,7,17.13888889,18.29821256
2023/24,6,11,18.72587532,23.98501281
2023/24,6,12,17.92687881,21.64895735
2023/24,6,13,18.86824769,23.67349802
2023/24,6,16,10.95068493,9.213910959
2023/24,6,17,15.29041288,15.9013366
2023/24,6,18,14.2920434,14.05178119
2023/24,6,19,13.14550446,12.2783116
2023/24,6,21,12.54852321,10.96395921
2023/24,6,22,9.459682977,7.595458305
2023/24,6,24,12.86141304,12.20719429
2023/24,6,25,15.49543677,15.34501956
2023/24,6,26,15.4686747,15.27481928
2023/24,6,27,11.11840228,10.17675464
2023/24,6,28,11.30456853,9.886167513
2023/24,6,29,18.91462561,24.15223933
2023/24,6,32,17.92511013,24.33868722
2023/24,6,34,14.67645051,14.22230717
2023/24,6,41,8.530416951,6.806794258
2023/24,6,44,7.390050469,5.541175198
2023/24,6,52,16.05238095,16.05871429
2023/24,6,55,9.535891969,7.934939588
2023/24,6,77,23.29927885,37.52649038
2023/24,6,86,19.56461731,22.15104141
2023/24,6,87,19.73416841,22.0401183
2023/24,6,88,17.18636996,17.0184701
2023/24,6,90,18.74055944,27.39397203
2023/24,6,92,22.8336714,38.01688303
2023/24,6,99,28.34112491,53.63288532
2023/24,6,100,18.73142346,24.32353626
2023/24,6,102,19.62911392,23.22064557
2023/24,6,103,14.91230207,13.73568819
2023/24,6,104,17.17762712,17.69550508
2023/24,6,106,18.2300406,19.65296346
2023/24,6,108,17.77379481,18.23787392
2023/24,6,109,20.9925187,27.43034913
2023/24,6,110,17.934148,20.62248473
2023/24,6,111,19.04385965,20.80775689
2023/24,6,112,20.68407311,26.45616188
2023/24,6,114,17.30482759,19.86138621
2023/24,6,116,18.13912476,20.90900065
2023/24,6,117,18.61183432,22.37017751
2023/24,6,118,15.28886169,20.64401469
2023/24,6,119,23.22100656,40.31175055
2023/24,6,121,28.55791638,50.26202193
2023/24,6,122,19.72514071,24.73234522
2023/24,6,123,12.06781751,12.75191122
2023/24,6,124,21.07367475,28.37773585
2023/24,6,125,18.14574899,21.44945344
2023/24,6,126,12.80204778,13.2147372
2023/24,6,128,27.70359712,44.41707194
2023/24,6,129,27.44119795,46.48485756
2023/24,6,130,10.7054034,15.34216876
2023/24,6,131,27.58420268,42.17601341
2023/24,6,132,28.60606061,49.4705854
2023/24,6,133,22.50111857,33.5545041
2023/24,6,134,18.24521355,26.00334315
2023/24,6,136,11.33969986,15.85369714
2023/24,6,137,11.54589963,16.78435741
2023/24,6,138,5.135869565,6.134014946
2023/24,6,140,26.38101695,45.63317288
2023/24,6,144,15.84955141,24.48457557
2023/24,6,145,16.96016484,25.42698489
2023/24,6,149,28.19854281,49.39277778
2023/24,6,151,24.54181818,39.42615758
2023/24,6,152,20.86194478,22.95118848
2023/24,6,153,20.4604267,26.03075017
2023/24,6,154,18.53310811,17.99825
2023/24,6,155,18.81767571,18.66777314
2023/24,6,156,7.137115839,5.146052009
2023/24,6,157,11.33628319,10.06019469
2023/24,6,158,8.630514706,6.481397059
2023/24,6,159,11.52112676,9.856690141
2023/24,6,160,26.7496977,45.15424426
2023/24,7,1,17.08810573,19.69630837
2023/24,7,4,15.99246231,17.81296482
2023/24,7,5,14.36813922,14.51732932
2023/24,7,6,11.66940211,10.85705744
2023/24,7,7,16.61594203,18.12792271
2023/24,7,11,17.91887276,22.30742101
2023/24,7,12,17.17806364,20.88501016
2023/24,7,13,17.96047431,23.12233202
2023/24,7,16,12.83013699,11.44793151
2023/24,7,17,15.30440868,16.61310707
2023/24,7,18,15.04792043,15.1216094
2023/24,7,19,13.81949211,13.73809883
2023/24,7,21,13.98241913,13.28957806
2023/24,7,22,10.87043418,9.742046864
2023/24,7,24,14.07608696,13.87904212
2023/24,7,25,15.87614081,15.90634941
2023/24,7,26,15.85662651,16.16590361
2023/24,7,27,12.18972896,11.67001427
2023/24,7,28,12.91878173,12.38720812
2023/24,7,29,18.25262421,23.81485654
2023/24,7,32,17.06784141,22.86817621
2023/24,7,34,15.31399317,15.83616382
2023/24,7,41,10.00341763,8.763308271
2023/24,7,44,9.105984138,7.604340303
2023/24,7,52,16.72857143,17.63690476
2023/24,7,55,10.57498223,9.525380242
2023/24,7,77,23.98076923,43.48159856
2023/24,7,86,18.39272271,20.57440402
2023/24,7,87,18.47181628,21.87201113
2023/24,7,88,16.95062587,17.8688943
2023/24,7,90,19.67342657,29.22169231
2023/24,7,92,22.3096687,38.08319135
2023/24,7,99,26.27538349,50.87482104
2023/24,7,100,17.36884512,21.93662489
2023/24,7,102,18.96455696,22.89001266
2023/24,7,103,16.0998782,15.34609013
2023/24,7,104,16.90779661,18.61642034
2023/24,7,106,17.79431664,20.06969553
2023/24,7,108,17.9381953,19.76938195
2023/24,7,109,19.61097257,25.91502494
2023/24,7,110,17.95655126,21.16284453
2023/24,7,111,18.54511278,21.0725188
2023/24,7,112,19.25065274,24.76246301
2023/24,7,114,16.74,19.3807931
2023/24,7,116,17.62508165,21.13430438
2023/24,7,117,18.09704142,22.05263905
2023/24,7,118,17.02080783,23.9295716
2023/24,7,119,21.69219548,39.10871627
2023/24,7,121,26.52775874,48.00125428
2023/24,7,122,18.62945591,23.64614447
2023/24,7,123,12.13810111,13.06638718
2023/24,7,124,19.868823,26.85689128
2023/24,7,125,17.85897436,22.38653846
2023/24,7,126,12.68259386,13.42585666
2023/24,7,128,25.60215827,42.24198561
2023/24,7,129,25.82542001,45.1898393
2023/24,7,130,12.2450037,18.00600296
2023/24,7,131,26.29731744,42.6469076
2023/24,7,132,26.25068871,46.9997865
2023/24,7,133,21.92692021,33.80128262
2023/24,7,134,17.98821797,26.01669367
2023/24,7,136,12.87858117,18.4261869
2023/24,7,137,13.24479804,19.82058752
2023/24,7,138,6.614130435,8.734422554
2023/24,7,140,24.55864407,43.96730169
2023/24,7,144,17.59489303,27.43302277
2023/24,7,145,18.54258242,28.67225275
2023/24,7,149,26.54462659,49.15867942
2023/24,7,151,23.98181818,39.86061818
2023/24,7,152,19.71668667,23.09106843
2023/24,7,153,19.15760496,24.89101858
2023/24,7,154,17.7,18.32890541
2023/24,7,155,18.08768267,19.02958942
2023/24,7,156,9.339243499,8.015780142
2023/24,7,157,13.12743363,12.49390265
2023/24,7,158,10.75551471,9.735919118
2023/24,7,159,13.01408451,12.40668134
2023/24,7,160,25.92019347,46.74226119
2023/24,8,1,24.63418502,22.95130132
2023/24,8,4,23.02721943,20.28969347
2023/24,8,5,21.941834,17.44159705
2023/24,8,6,18.18933177,13.83631067
2023/24,8,7,23.66195652,20.31697343
2023/24,8,11,25.12433817,23.61813664
2023/24,8,12,24.20595802,22.75345159
2023/24,8,13,25.08115942,24.52965942
2023/24,8,16,19.27938356,13.97893562
2023/24,8,17,22.81826452,19.52025052
2023/24,8,18,22.87522604,18.15786709
2023/24,8,19,21.10384351,16.41399314
2023/24,8,21,21.13129395,16.70926301
2023/24,8,22,16.83962784,12.84081323
2023/24,8,24,21.64952446,16.94632201
2023/24,8,25,23.42698827,18.45018383
2023/24,8,26,23.44457831,18.91501687
2023/24,8,27,18.55406562,13.97850499
2023/24,8,28,21.11218274,15.95714721
2023/24,8,29,25.7926522,26.08447166
2023/24,8,32,23.48475771,23.16983789
2023/24,8,34,22.09686007,18.17654266
2023/24,8,41,15.20225564,11.33909774
2023/24,8,44,15.13907714,11.25616438
2023/24,8,52,24.37285714,21.11929286
2023/24,8,55,16.12082445,12.28771144
2023/24,8,77,32.61526442,48.27765144
2023/24,8,86,24.09648683,20.80291844
2023/24,8,87,24.91802366,23.30885456
2023/24,8,88,23.8794854,20.32907858
2023/24,8,90,26.59230769,32.65966154
2023/24,8,92,27.54164976,37.2414929
2023/24,8,99,34.17552958,51.92972243
2023/24,8,100,21.50564011,18.03941898
2023/24,8,102,26.12708861,24.57223165
2023/24,8,103,21.10231425,15.45837637
2023/24,8,104,23.24840678,20.63385966
2023/24,8,106,23.81522327,21.24922395
2023/24,8,108,24.46242274,21.67014957
2023/24,8,109,26.58379052,27.64609975
2023/24,8,110,24.74141208,22.87560149
2023/24,8,111,25.21729323,23.11940852
2023/24,8,112,25.62071366,24.87784508
2023/24,8,114,21.98103448,19.02308897
2023/24,8,116,23.78471587,21.78221293
2023/24,8,117,24.41609467,22.42739882
2023/24,8,118,25.97184823,30.54958507
2023/24,8,119,27.87950401,41.18742597
2023/24,8,121,34.7740233,51.38740096
2023/24,8,122,25.015197,24.47611445
2023/24,8,123,16.84451295,14.96233292
2023/24,8,124,26.84474394,28.65492093
2023/24,8,125,25.19757085,24.06601822
2023/24,8,126,17.42204778,14.82247372
2023/24,8,128,33.4376259,45.03757698
2023/24,8,129,34.3201607,49.30695763
2023/24,8,130,16.96898594,21.30173205
2023/24,8,131,34.63442623,47.85378689
2023/24,8,132,34.50909091,50.05015909
2023/24,8,133,29.13236391,37.1406182
2023/24,8,134,24.19675994,29.21877835
2023/24,8,136,20.47380628,25.16949318
2023/24,8,137,18.87906977,23.97776499
2023/24,8,138,10.97982337,13.07764742
2023/24,8,140,32.78,48.00665492
2023/24,8,144,24.8194617,31.52568116
2023/24,8,145,26.1393544,33.38002885
2023/24,8,149,35.99644809,53.86348361
2023/24,8,151,32.14266667,43.43949333
2023/24,8,152,26.99291717,25.51029412
2023/24,8,153,25.87914659,26.59896146
2023/24,8,154,24.50844595,20.40971216
2023/24,8,155,24.9348643,21.26880237
2023/24,8,156,14.82399527,10.99423995
2023/24,8,157,20.18159292,15.89070708
2023/24,8,158,17.6,13.57054228
2023/24,8,159,20.06822183,15.83069454
2023/24,8,160,35.40084643,52.66995526
2023/24,9,1,23.77797357,26.84462555
2023/24,9,4,22.21943049,23.33481575
2023/24,9,5,22.06291834,21.16109103
2023/24,9,6,19.31184056,17.01398593
2023/24,9,7,23.23429952,23.6681401
2023/24,9,11,24.08625107,26.10931682
2023/24,9,12,23.4563304,25.81209885
2023/24,9,13,24.06455863,27.35409091
2023/24,9,16,20.87534247,18.68232192
2023/24,9,17,22.38908328,23.05953814
2023/24,9,18,22.97377939,22.11385172
2023/24,9,19,20.9752917,19.69323953
2023/24,9,21,22.0625879,20.67604079
2023/24,9,22,18.5651275,16.51253618
2023/24,9,24,22.22078804,20.69165082
2023/24,9,25,23.01564537,21.88827901
2023/24,9,26,23.02289157,22.38028916
2023/24,9,27,19.42510699,17.02690442
2023/24,9,28,22.20304569,20.07715736
2023/24,9,29,24.60111966,28.63372988
2023/24,9,32,21.57885463,23.23503084
2023/24,9,34,21.43276451,20.018157
2023/24,9,41,16.23444976,14.14833903
2023/24,9,44,18.13482336,15.6260995
2023/24,9,52,24.17142857,25.23390476
2023/24,9,55,17.65955935,15.79342573
2023/24,9,77,30.19350962,49.61805288
2023/24,9,86,22.27478043,21.91766625
2023/24,9,87,22.94224078,23.70097425
2023/24,9,88,22.7635605,22.05860223
2023/24,9,90,26.04685315,36.00134965
2023/24,9,92,23.77620014,33.18208925
2023/24,9,99,30.90723156,51.34957633
2023/24,9,100,19.6786034,17.15414503
2023/24,9,102,24.14810127,25.13878481
2023/24,9,103,20.71985384,17.16395859
2023/24,9,104,22.14711864,22.60718644
2023/24,9,106,22.33355886,22.40306495
2023/24,9,108,23.27070457,23.92969098
2023/24,9,109,24.83416459,29.70266833
2023/24,9,110,23.96877122,25.64219959
2023/24,9,111,23.53759398,24.79996241
2023/24,9,112,23.73542211,25.85342907
2023/24,9,114,21.37517241,21.20614483
2023/24,9,116,22.84454605,23.73178968
2023/24,9,117,22.83076923,23.26934911
2023/24,9,118,30.54834761,47.14326805
2023/24,9,119,26.27644055,44.98205689
2023/24,9,121,32.44825223,55.7021316
2023/24,9,122,23.34709193,25.75214822
2023/24,9,123,16.41430333,16.8811344
2023/24,9,124,25.18059299,30.94196765
2023/24,9,125,24.75506073,27.40563428
2023/24,9,126,16.6334471,16.41374744
2023/24,9,128,30.96618705,48.35404317
2023/24,9,129,32.01022644,54.10705625
2023/24,9,130,19.83049593,29.13402665
2023/24,9,131,32.52086438,52.6168927
2023/24,9,132,32.06198347,52.79513085
2023/24,9,133,28.47129008,42.22256525
2023/24,9,134,24.02724595,34.16862297
2023/24,9,136,23.54979536,34.3255457
2023/24,9,137,20.9498164,30.17455324
2023/24,9,138,14.90149457,21.00111413
2023/24,9,140,30.67186441,51.24460339
2023/24,9,144,26.18357488,38.59044859
2023/24,9,145,26.51854396,38.75731456
2023/24,9,149,33.50182149,57.64529144
2023/24,9,151,30.59636364,47.63655758
2023/24,9,152,25.39855942,27.60990396
2023/24,9,153,24.03441156,28.16379904
2023/24,9,154,23.63783784,22.53535135
2023/24,9,155,24.10508003,23.74599165
2023/24,9,156,16.42316785,14.55583924
2023/24,9,157,21.36371681,20.43235398
2023/24,9,158,19.47242647,17.90470588
2023/24,9,159,21.02816901,19.85909331
2023/24,9,160,33.39661427,57.61085852
2023/24,10,1,29.67488987,30.89956828
2023/24,10,4,27.69932998,25.8079062
2023/24,10,5,28.18741633,24.50323963
2023/24,10,6,25.26025791,20.58915592
2023/24,10,7,28.94444444,27.11693237
2023/24,10,11,29.75064048,29.02011102
2023/24,10,12,29.54163846,28.96457684
2023/24,10,13,29.90250329,30.67013834
2023/24,10,16,27.58287671,23.93925342
2023/24,10,17,28.37368789,26.99531141
2023/24,10,18,29.23146474,25.75601266
2023/24,10,19,27.08030199,23.12769389
2023/24,10,21,28.99085795,24.98581575
2023/24,10,22,24.86698828,20.14904204
2023/24,10,24,28.47486413,24.38346467
2023/24,10,25,29.4315515,25.70139505
2023/24,10,26,29.66746988,26.58273494
2023/24,10,27,25.29243937,20.46998573
2023/24,10,28,28.74873096,24.08459391
2023/24,10,29,30.77116865,31.073324
2023/24,10,32,27.29779736,26.94814097
2023/24,10,34,27.03754266,23.67111945
2023/24,10,41,22.66848941,17.83597403
2023/24,10,44,24.65320836,19.83400865
2023/24,10,52,29.81904762,29.01766667
2023/24,10,55,24.69367448,19.81515281
2023/24,10,77,38.6875,59.85751202
2023/24,10,86,26.83939774,24.61017566
2023/24,10,87,27.53444676,25.09650661
2023/24,10,88,27.62517385,23.54899861
2023/24,10,90,32.62027972,41.93702797
2023/24,10,92,30.18390805,39.26648411
2023/24,10,99,37.27173119,55.12859752
2023/24,10,100,25.02864816,20.4136795
2023/24,10,102,28.08101266,25.94165823
2023/24,10,103,27.11936663,22.1827771
2023/24,10,104,27.39254237,25.53989153
2023/24,10,106,27.78010825,26.01188092
2023/24,10,108,28.49814586,26.59398022
2023/24,10,109,30.28304239,32.32502494
2023/24,10,110,30.01221996,30.26875764
2023/24,10,111,28.41353383,27.1324812
2023/24,10,112,28.93559617,28.75098346
2023/24,10,114,27.49724138,26.88578621
2023/24,10,116,28.24689745,26.99571522
2023/24,10,117,28.53491124,26.49118343
2023/24,10,118,40.03916769,62.14416157
2023/24,10,119,32.58205689,50.22007294
2023/24,10,121,39.42152159,60.63753256
2023/24,10,122,28.55909944,28.46752345
2023/24,10,123,20.41676942,18.6053021
2023/24,10,124,30.82749326,33.47077269
2023/24,10,125,30.71052632,31.16093792
2023/24,10,126,20.22047782,18.05091468
2023/24,10,128,37.72517986,52.05794245
2023/24,10,129,39.56245435,58.94731921
2023/24,10,130,27.49888971,35.88757217
2023/24,10,131,39.52086438,55.58506706
2023/24,10,132,38.02548209,54.70453857
2023/24,10,133,35.33482476,47.24779269
2023/24,10,134,30.3814433,38.53792342
2023/24,10,136,30.93451569,41.05348568
2023/24,10,137,28.71481028,37.13853121
2023/24,10,138,22.80774457,28.80502717
2023/24,10,140,37.06440678,54.39152542
2023/24,10,144,34.13112491,45.98681159
2023/24,10,145,34.15384615,45.36600962
2023/24,10,149,40.57468124,61.27959927
2023/24,10,151,37.60848485,54.01637576
2023/24,10,152,30.8607443,29.252509
2023/24,10,153,29.40399174,29.72234687
2023/24,10,154,29.04527027,25.00266216
2023/24,10,155,29.56297843,26.24345859
2023/24,10,156,22.97399527,18.4741844
2023/24,10,157,28.10088496,25.02186726
2023/24,10,158,26.48345588,22.21617647
2023/24,10,159,27.38644366,24.07747359
2023/24,10,160,40.88512696,63.21158404
2023/24,11,1,29.55726872,33.44633128
2023/24,11,4,27.24874372,27.04678643
2023/24,11,5,28.07349398,26.9801988
2023/24,11,6,25.65474795,22.93218992
2023/24,11,7,28.63478261,28.89347826
2023/24,11,11,29.04056362,30.09898207
2023/24,11,12,28.81523358,30.15015843
2023/24,11,13,29.27905138,32.06874308
2023/24,11,16,27.98815068,26.82845753
2023/24,11,17,28.24135759,29.32106158
2023/24,11,18,28.81708861,28.25577667
2023/24,11,19,27.49045985,26.10053123
2023/24,11,21,29.28797468,28.62470253
2023/24,11,22,26.1341144,23.86244866
2023/24,11,24,28.77432065,27.54048302
2023/24,11,25,29.51342894,28.61087093
2023/24,11,26,29.66746988,29.36834458
2023/24,11,27,26.76440799,23.96246148
2023/24,11,28,28.69949239,26.98590609
2023/24,11,29,29.56270119,32.47561512
2023/24,11,32,27.09911894,28.88482203
2023/24,11,34,26.83535836,26.25314744
2023/24,11,41,23.79432673,21.08903623
2023/24,11,44,25.96827686,23.62060707
2023/24,11,52,29.61642857,30.70013571
2023/24,11,55,25.71044776,23.38432836
2023/24,11,77,38.2640625,66.32022115
2023/24,11,86,26.1293601,25.00398745
2023/24,11,87,26.82588727,25.78841962
2023/24,11,88,25.84026426,23.95626634
2023/24,11,90,31.62713287,44.42228811
2023/24,11,92,31.72271805,47.30818661
2023/24,11,99,35.34915997,53.95744558
2023/24,11,100,24.97197851,21.93788272
2023/24,11,102,26.40987342,25.04498354
2023/24,11,103,27.04384896,25.27590256
2023/24,11,104,26.87247458,26.27795593
2023/24,11,106,27.20886333,26.98497158
2023/24,11,108,27.41384425,26.92412855
2023/24,11,109,29.47892768,31.73836534
2023/24,11,110,28.99735234,31.48384521
2023/24,11,111,27.88082707,27.7552218
2023/24,11,112,27.8694517,27.98296606
2023/24,11,114,27.08441379,28.62197379
2023/24,11,116,27.36329197,27.56002809
2023/24,11,117,27.07349112,26.99562249
2023/24,11,118,36.9,63.17560465
2023/24,11,119,31.00371991,50.36205689
2023/24,11,121,37.4736806,61.94764154
2023/24,11,122,27.88902439,28.7142045
2023/24,11,123,21.21270037,19.60699383
2023/24,11,124,29.68221024,33.21104313
2023/24,11,125,29.60769231,31.20419636
2023/24,11,126,19.46518771,18.23218157
2023/24,11,128,35.68402878,52.74043381
2023/24,11,129,37.27406866,58.84205259
2023/24,11,130,30.09903775,41.73173427
2023/24,11,131,36.82153502,54.43666095
2023/24,11,132,35.40681818,53.16629132
2023/24,11,133,33.86308725,49.41283221
2023/24,11,134,29.81200295,40.82320471
2023/24,11,136,30.49133697,43.8943322
2023/24,11,137,30.82913097,42.78833537
2023/24,11,138,26.02785326,35.3564144
2023/24,11,140,34.42698305,52.90897424
2023/24,11,144,33.30869565,49.25989441
2023/24,11,145,34.05350275,49.67608104
2023/24,11,149,37.70491803,59.17879508
2023/24,11,151,35.66618182,54.38282182
2023/24,11,152,29.23541417,28.94517767
2023/24,11,153,27.79593944,28.59202753
2023/24,11,154,28.95263514,26.49347027
2023/24,11,155,28.43361169,26.7455762
2023/24,11,156,24.24574468,21.69654255
2023/24,11,157,28.16681416,27.76555752
2023/24,11,158,26.88253676,25.15427206
2023/24,11,159,28.1028169,27.07792606
2023/24,11,160,38.50846433,62.76424788
2023/24,12,1,39.08810573,41.79343612
2023/24,12,4,35.61976549,32.41337521
2023/24,12,5,37.94176707,34.96556894
2023/24,12,6,33.23798359,27.08075029
2023/24,12,7,37.602657,35.08669082
2023/24,12,11,37.9265585,36.56847993
2023/24,12,12,38.55924171,37.98696005
2023/24,12,13,38.55204216,39.82250988
2023/24,12,16,37.66369863,33.49632192
2023/24,12,17,37.71518544,36.77219734
2023/24,12,18,39.02169982,36.44511754
2023/24,12,19,37.78311599,34.5873164
2023/24,12,21,40.25949367,39.5299789
2023/24,12,22,37.19641626,33.67433494
2023/24,12,24,39.62092391,36.97527853
2023/24,12,25,40.05084746,37.38146023
2023/24,12,26,39.84939759,37.87959036
2023/24,12,27,37.13195435,32.95784593
2023/24,12,28,39.18527919,35.52388325
2023/24,12,29,39.60881735,41.1049965
2023/24,12,32,35.74449339,34.28373568
2023/24,12,34,35.6334471,31.95709215
2023/24,12,41,33.58578264,28.78509228
2023/24,12,44,37.1405912,33.64636626
2023/24,12,52,39.54285714,39.3627381
2023/24,12,55,36.49751244,32.39202559
2023/24,12,77,50.27524038,77.52508413
2023/24,12,86,35.2446675,31.36806775
2023/24,12,87,37.00069589,33.51302714
2023/24,12,88,35.24617524,30.57609875
2023/24,12,90,41.45034965,52.74435664
2023/24,12,92,43.65517241,60.82254902
2023/24,12,99,45.49671293,62.43839299
2023/24,12,100,32.55774396,25.41273948
2023/24,12,102,34.50506329,30.3873038
2023/24,12,103,37.34470158,32.162838
2023/24,12,104,36.12813559,32.99624407
2023/24,12,106,36.34506089,33.62665088
2023/24,12,108,37.60939431,34.33985167
2023/24,12,109,39.38154613,38.90182045
2023/24,12,110,38.25594026,36.73728445
2023/24,12,111,38.17669173,35.99474937
2023/24,12,112,36.52741514,33.32307224
2023/24,12,114,36.77793103,35.85551724
2023/24,12,116,36.77661659,33.88626388
2023/24,12,117,35.75976331,31.21686391
2023/24,12,118,44.57037944,64.81501836
2023/24,12,119,40.69292487,59.73490883
2023/24,12,121,50.93488691,78.718122
2023/24,12,122,37.01688555,35.36326454
2023/24,12,123,30.7755857,26.44286067
2023/24,12,124,39.65408805,40.98991914
2023/24,12,125,38.61673414,35.18078947
2023/24,12,126,26.07303754,22.85945392
2023/24,12,128,48.81726619,67.88476259
2023/24,12,129,51.10664719,74.02195763
2023/24,12,130,44.49740933,59.57890452
2023/24,12,131,49.08122206,68.39903875
2023/24,12,132,47.2362259,66.38805785
2023/24,12,133,46.38329605,64.13876212
2023/24,12,134,40.86450663,53.97748159
2023/24,12,136,41.61527967,56.97499318
2023/24,12,137,44.53121175,60.04318237
2023/24,12,138,39.26630435,51.24012908
2023/24,12,140,45.36135593,64.40584407
2023/24,12,144,45.85645273,64.53456177
2023/24,12,145,48.76167582,68.2393544
2023/24,12,149,51.43260474,74.11054645
2023/24,12,151,47.85090909,67.80848485
2023/24,12,152,39.10204082,36.12783914
2023/24,12,153,36.90708878,34.48091535
2023/24,12,154,39.79054054,35.16639865
2023/24,12,155,37.72860125,33.75839248
2023/24,12,156,36.29314421,31.2794208
2023/24,12,157,38.70884956,36.46409735
2023/24,12,158,38.63786765,34.91542279
2023/24,12,159,39.99647887,37.51376761
2023/24,12,160,52.46916566,77.99593712
2023/24,13,1,35.92599119,27.72853744
2023/24,13,4,31.99413735,20.98755444
2023/24,13,5,36.6124498,28.62944444
2023/24,13,6,31.14185229,19.20675264
2023/24,13,7,35.4178744,25.17369565
2023/24,13,11,34.77540564,24.64176772
2023/24,13,12,36.94312796,30.39416385
2023/24,13,13,35.90316206,28.13252306
2023/24,13,16,35.80410959,23.71119863
2023/24,13,17,35.93351994,28.43848845
2023/24,13,18,37.6283906,29.5625226
2023/24,13,19,36.78448868,29.1471105
2023/24,13,21,39.26582278,34.19268636
2023/24,13,22,37.1950379,29.88414886
2023/24,13,24,38.55978261,31.41348505
2023/24,13,25,38.75228162,30.81097784
2023/24,13,26,38.08795181,29.8700241
2023/24,13,27,35.94222539,27.70256776
2023/24,13,28,37.99238579,29.46378173
2023/24,13,29,37.95381386,32.68718684
2023/24,13,32,32.35506608,22.70847577
2023/24,13,34,32.89078498,21.54879863
2023/24,13,41,32.48051948,22.84210526
2023/24,13,44,37.80821918,30.62674838
2023/24,13,52,37.8452381,30.7902619
2023/24,13,55,36.10092395,27.37568586
2023/24,13,77,43.54807692,48.11460337
2023/24,13,86,32.9523212,23.37882058
2023/24,13,87,36.11412665,27.48516354
2023/24,13,88,34.35674548,25.0334701
2023/24,13,90,39.3972028,40.29320979
2023/24,13,92,40.51453685,46.18870183
2023/24,13,99,40.59313367,44.38680058
2023/24,13,100,29.45120859,16.40444047
2023/24,13,102,31.71139241,21.99851899
2023/24,13,103,36.1181486,24.09001218
2023/24,13,104,34.65559322,25.72332881
2023/24,13,106,34.33288227,25.28661028
2023/24,13,108,37.49938195,27.90143387
2023/24,13,109,37.73316708,30.19044888
2023/24,13,110,34.22878479,22.13454175
2023/24,13,111,37.29323308,29.00505013
2023/24,13,112,33.8772846,23.78375109
2023/24,13,114,35.04758621,26.80218621
2023/24,13,116,34.87459177,24.81374918
2023/24,13,117,34.87100592,23.22417751
2023/24,13,118,37.02325581,38.90864137
2023/24,13,119,34.11816193,37.66239971
2023/24,13,121,46.93283071,61.51816998
2023/24,13,122,34.32833021,25.11462477
2023/24,13,123,31.69297164,21.73516646
2023/24,13,124,37.89128482,31.48081761
2023/24,13,125,32.94129555,19.63651822
2023/24,13,126,24.45324232,16.7625256
2023/24,13,128,46.71654676,56.19169784
2023/24,13,129,48.18188459,60.80584368
2023/24,13,130,45.62694301,53.48398964
2023/24,13,131,46.05216095,55.64846498
2023/24,13,132,44.29269972,52.88517218
2023/24,13,133,43.95973154,51.70392245
2023/24,13,134,37.71354934,40.66513991
2023/24,13,136,40.78785812,47.6828513
2023/24,13,137,44.65850673,52.83253366
2023/24,13,138,39.26970109,43.76047554
2023/24,13,140,40.40271186,48.15985085
2023/24,13,144,43.71773637,52.97849551
2023/24,13,145,48.66826923,61.66054945
2023/24,13,149,49.63661202,62.83664845
2023/24,13,151,45.70181818,54.70579394
2023/24,13,152,36.98559424,27.47483794
2023/24,13,153,34.08878183,25.35919477
2023/24,13,154,38.71621622,29.72891892
2023/24,13,155,35.61586639,26.76356298
2023/24,13,156,37.91962175,29.01459811
2023/24,13,157,37.60884956,28.67974336
2023/24,13,158,39.23161765,31.61652574
2023/24,13,159,40.38556338,33.56559859
2023/24,13,160,50.03506651,64.82842805
2023/24,14,1,44.50202643,33.02840617
2023/24,14,4,40.95150754,26.73517755
2023/24,14,5,46.61231593,38.65440495
2023/24,14,6,39.26342321,23.5251442
2023/24,14,7,44.11425121,30.66651208
2023/24,14,11,41.88266439,28.10970623
2023/24,14,12,46.18436019,38.91366554
2023/24,14,13,44.55869565,34.04931159
2023/24,14,16,44.42568493,29.51655616
2023/24,14,17,45.06536039,35.59568439
2023/24,14,18,47.45117541,38.7879792
2023/24,14,19,46.98743995,40.34770556
2023/24,14,21,50.03607595,47.53395499
2023/24,14,22,47.91784976,42.19768298
2023/24,14,24,49.05387228,43.61058356
2023/24,14,25,48.65814863,40.42709387
2023/24,14,26,47.75192771,37.99630602
2023/24,14,27,45.43737518,36.5891776
2023/24,14,28,48.52005076,40.43027665
2023/24,14,29,47.29615115,41.31638488
2023/24,14,32,39.65718062,27.6879304
2023/24,14,34,41.21583618,27.07802048
2023/24,14,41,41.96616541,31.43663158
2023/24,14,44,49.17880317,42.99249676
2023/24,14,52,49.17785714,44.79074286
2023/24,14,55,47.00447761,38.56177043
2023/24,14,77,47.50757212,49.50403245
2023/24,14,86,41.03124216,29.87768381
2023/24,14,87,46.86137787,38.21424495
2023/24,14,88,44.73664812,34.68630459
2023/24,14,90,52.08923077,59.45795385
2023/24,14,92,53.58093306,68.38165991
2023/24,14,99,54.74046749,65.05701315
2023/24,14,100,36.94404655,22.0464718
2023/24,14,102,37.93329114,26.31140127
2023/24,14,103,46.41437272,34.54564068
2023/24,14,104,44.3460339,34.81133085
2023/24,14,106,43.80723951,33.95679161
2023/24,14,108,49.16959209,41.43733993
2023/24,14,109,47.72107232,40.30026933
2023/24,14,110,44.3957909,31.56363747
2023/24,14,111,47.92030075,41.32071429
2023/24,14,112,42.31984334,31.00652045
2023/24,14,114,44.63268966,36.3021469
2023/24,14,116,45.43625082,36.67827498
2023/24,14,117,47.17242604,38.79927811
2023/24,14,118,49.07723378,53.97833293
2023/24,14,119,45.40408461,54.71051787
2023/24,14,121,60.85359836,84.30890816
2023/24,14,122,42.69258912,32.31210788
2023/24,14,123,43.81960543,33.25639088
2023/24,14,124,48.84573226,44.06899461
2023/24,14,125,31.615722,16.29183131
2023/24,14,126,31.04027304,22.83724642
2023/24,14,128,61.84136691,79.87783741
2023/24,14,129,63.16040906,85.82709423
2023/24,14,130,61.88497409,80.15356403
2023/24,14,131,61.25327869,80.82635246
2023/24,14,132,58.55757576,75.91089394
2023/24,14,133,58.51245339,74.80063162
2023/24,14,134,49.26671576,56.76308616
2023/24,14,136,56.91336971,74.35442497
2023/24,14,137,60.26707466,77.85390698
2023/24,14,138,50.92880435,62.30330503
2023/24,14,140,49.00854237,60.0801878
2023/24,14,144,58.1352657,78.29522912
2023/24,14,145,64.33186813,93.52282349
2023/24,14,149,65.64936248,93.17241439
2023/24,14,151,60.07866667,80.13878667
2023/24,14,152,47.38583433,37.87178511
2023/24,14,153,42.89924295,32.91767791
2023/24,14,154,49.7802027,42.29426419
2023/24,14,155,45.27835769,35.90975644
2023/24,14,156,50.66501182,45.33129905
2023/24,14,157,49.22938053,43.27132301
2023/24,14,158,51.85165441,48.65320221
2023/24,14,159,52.79806338,49.70788644
2023/24,14,160,64.27484885,93.16699395
2023/24,15,1,54.13568282,35.21098678
2023/24,15,4,49.1281407,27.08425461
2023/24,15,5,54.77443106,36.1161178
2023/24,15,6,41.65064478,18.12188746
2023/24,15,7,49.39130435,25.7356401
2023/24,15,11,46.79163108,24.28805295
2023/24,15,12,53.50236967,34.50090047
2023/24,15,13,52.10869565,31.96672596
2023/24,15,16,51.46164384,28.56328082
2023/24,15,17,51.79076277,31.81254024
2023/24,15,18,55.16726944,35.26358047
2023/24,15,19,55.65888813,38.30194235
2023/24,15,21,59.44725738,44.93763713
2023/24,15,22,56.96347347,40.70116471
2023/24,15,24,58.66508152,42.80061821
2023/24,15,25,55.69491525,35.14547588
2023/24,15,26,55.06024096,33.42089157
2023/24,15,27,53.32239658,33.85537803
2023/24,15,28,57.52791878,38.45748731
2023/24,15,29,54.23303009,35.48462561
2023/24,15,32,42.77621145,22.24170925
2023/24,15,34,47.31399317,24.89425256
2023/24,15,41,48.47026658,27.72597403
2023/24,15,44,58.04037491,39.89036049
2023/24,15,52,58.72857143,41.39261905
2023/24,15,55,54.742715,34.26472637
2023/24,15,77,33.43629808,25.67066106
2023/24,15,86,47.0476788,26.97179423
2023/24,15,87,55.65274878,35.70727905
2023/24,15,88,53.06467316,32.65246871
2023/24,15,90,54.27202797,46.43853846
2023/24,15,92,62.25625423,63.02022989
2023/24,15,99,65.01387874,61.90073776
2023/24,15,100,40.68755595,19.367735
2023/24,15,102,38.96329114,20.45343038
2023/24,15,103,55.57003654,35.62330085
2023/24,15,104,51.92813559,32.24754576
2023/24,15,106,51.27537212,31.02728687
2023/24,15,108,58.86155748,40.41019778
2023/24,15,109,56.06857855,36.21223192
2023/24,15,110,55.52545825,35.9280516
2023/24,15,111,57.5952381,39.66347118
2023/24,15,112,47.30200174,26.89114883
2023/24,15,114,53.45655172,35.78384828
2023/24,15,116,54.71521881,37.19077074
2023/24,15,117,57.81656805,41.99008284
2023/24,15,118,50.42839657,38.03697674
2023/24,15,119,54.54777535,53.09588621
2023/24,15,121,70.61137766,74.53843729
2023/24,15,122,49.09193246,29.22098499
2023/24,15,123,54.31565968,34.77958076
2023/24,15,124,59.00269542,40.74477089
2023/24,15,125,23.14844804,8.993994602
2023/24,15,126,36.58703072,21.78352218
2023/24,15,128,73.37266187,74.09947482
2023/24,15,129,74.97078159,77.91834916
2023/24,15,130,74.65358993,76.68177646
2023/24,15,131,74.46795827,77.71936662
2023/24,15,132,69.43939394,70.2499449
2023/24,15,133,69.95749441,71.11969426
2023/24,15,134,58.78276878,52.5684757
2023/24,15,136,70.00409277,75.38793315
2023/24,15,137,73.00979192,74.29787026
2023/24,15,138,61.73369565,61.25384511
2023/24,15,140,51.91050847,49.00208814
2023/24,15,144,71.3657695,77.52992409
2023/24,15,145,77.83447802,89.01507555
2023/24,15,149,79.24954463,88.13602914
2023/24,15,151,71.72,75.09728485
2023/24,15,152,56.59303721,35.91897959
2023/24,15,153,49.23193393,29.05039917
2023/24,15,154,59.17297297,39.42451351
2023/24,15,155,53.39457203,32.85297147
2023/24,15,156,61.61938534,45.39137116
2023/24,15,157,60.12123894,45.22136283
2023/24,15,158,63.03492647,47.76955882
2023/24,15,159,63.82658451,47.76205986
2023/24,15,160,76.63845224,86.817763
2023/24,16,1,52.19647577,35.70307489
2023/24,16,4,46.62730318,27.71184255
2023/24,16,5,52.45515395,36.59208835
2023/24,16,6,39.08792497,18.16012896
2023/24,16,7,48.22101449,27.6344686
2023/24,16,11,43.68659266,24.28137489
2023/24,16,12,49.03452945,31.96124577
2023/24,16,13,49.6455863,32.44651515
2023/24,16,16,52.30205479,33.06765753
2023/24,16,17,49.85304409,33.28571029
2023/24,16,18,52.59584087,35.76875226
2023/24,16,19,53.65339739,38.63508579
2023/24,16,21,56.4978903,43.32316456
2023/24,16,22,54.94004135,41.99403859
2023/24,16,24,56.26970109,42.28785326
2023/24,16,25,52.35071708,34.72389831
2023/24,16,26,52.6,34.43585542
2023/24,16,27,51.24607703,34.13310984
2023/24,16,28,55.04060914,38.65454315
2023/24,16,29,48.47515745,31.90131561
2023/24,16,32,37.00792952,19.83642291
2023/24,16,34,46.17474403,26.62424573
2023/24,16,41,45.34791524,26.80668489
2023/24,16,44,54.48810382,38.49987743
2023/24,16,52,54.09285714,37.39369048
2023/24,16,55,51.42075338,33.34832267
2023/24,16,77,16.88822115,15.4234976
2023/24,16,86,41.43412798,24.88348808
2023/24,16,87,53.10299235,35.18554628
2023/24,16,88,50.42211405,32.36328234
2023/24,16,90,56.63216783,54.0533986
2023/24,16,92,61.18120352,66.45482082
2023/24,16,99,58.92768444,59.10894083
2023/24,16,100,33.82452999,16.83965085
2023/24,16,102,26.66455696,14.22881013
2023/24,16,103,55.42752741,39.10105968
2023/24,16,104,49.25491525,32.14135593
2023/24,16,106,48.25439783,30.57577131
2023/24,16,108,56.45117429,39.80781211
2023/24,16,109,51.80174564,34.17648379
2023/24,16,110,53.9035981,37.10262729
2023/24,16,111,55.23057644,38.63338346
2023/24,16,112,38.92254134,23.02209748
2023/24,16,114,53.15034483,37.70373793
2023/24,16,116,53.27890268,37.98737427
2023/24,16,117,56.42130178,43.22185799
2023/24,16,118,61.53121175,57.00855569
2023/24,16,119,49.48577681,50.61067104
2023/24,16,121,65.70527759,71.92371487
2023/24,16,122,43.96622889,27.11758912
2023/24,16,123,53.76448829,37.43300863
2023/24,16,124,55.27493261,38.57155436
2023/24,16,125,13.79622132,5.658819163
2023/24,16,126,34.42730375,21.35425939
2023/24,16,128,67.94100719,71.86618705
2023/24,16,129,68.27027027,73.09493061
2023/24,16,130,70.2945966,75.5284752
2023/24,16,131,70.60804769,76.94888972
2023/24,16,132,62.32162534,64.84940083
2023/24,16,133,65.32587621,69.54105145
2023/24,16,134,53.99631811,49.64429308
2023/24,16,136,67.52046385,76.82173943
2023/24,16,137,69.32068543,74.10358629
2023/24,16,138,60.87907609,63.98903533
2023/24,16,140,38.95525424,39.08129492
2023/24,16,144,67.56728778,76.67232574
2023/24,16,145,73.42032967,87.50927198
2023/24,16,149,75.06648452,86.16173042
2023/24,16,151,67.0569697,72.3096
2023/24,16,152,52.99519808,34.87722689
2023/24,16,153,39.68823125,24.08269787
2023/24,16,154,55.54932432,37.76091892
2023/24,16,155,50.32707029,32.1490675
2023/24,16,156,60.13238771,46.29124113
2023/24,16,157,59.63274336,49.57479646
2023/24,16,158,60.85845588,48.39992647
2023/24,16,159,61.38292254,48.01089789
2023/24,16,160,73.67593712,86.76841596
2023/24,17,1,57.99823789,27.8999207
2023/24,17,4,50.90954774,21.62250419
2023/24,17,5,59.65394913,29.0543842
2023/24,17,6,43.76787808,15.90150059
2023/24,17,7,54.92512077,24.1398913
2023/24,17,11,45.58155423,17.68590094
2023/24,17,12,50.42654028,21.38815843
2023/24,17,13,53.02042161,23.2421278
2023/24,17,16,61.59794521,30.58360274
2023/24,17,17,56.95031491,27.15615115
2023/24,17,18,59.84177215,28.32287523
2023/24,17,19,61.63417982,30.4390048
2023/24,17,21,63.9978903,32.48709564
2023/24,17,22,63.79944866,33.93720882
2023/24,17,24,64.3763587,32.72269701
2023/24,17,25,58.99739244,27.38246415
2023/24,17,26,59.74819277,28.33271084
2023/24,17,27,59.02068474,27.33243937
2023/24,17,28,62.19035533,29.87279188
2023/24,17,29,49.24982505,20.84683695
2023/24,17,32,34.33303965,11.91266079
2023/24,17,34,52.58020478,23.09977474
2023/24,17,41,52.0252905,22.29526999
2023/24,17,44,61.62076424,29.38829849
2023/24,17,52,58.63095238,27.18704762
2023/24,17,55,58.64818763,27.52251599
2023/24,17,77,9.770432692,5.350552885
2023/24,17,86,32.66122961,11.07853199
2023/24,17,87,58.06889353,25.86405706
2023/24,17,88,55.2767733,24.11196801
2023/24,17,90,73.52587413,54.93997902
2023/24,17,92,72.20757268,54.86493577
2023/24,17,99,54.15485756,35.19081812
2023/24,17,100,22.51119069,6.484986571
2023/24,17,102,12.47848101,3.217949367
2023/24,17,103,63.4725944,31.68103532
2023/24,17,104,54.17694915,23.89348475
2023/24,17,106,51.63599459,21.87822733
2023/24,17,108,61.87886279,29.11671199
2023/24,17,109,53.82294264,23.31971322
2023/24,17,110,57.97895451,26.58190088
2023/24,17,111,60.02380952,27.52284461
2023/24,17,112,25.3124456,7.796048738
2023/24,17,114,60.01034483,28.64885517
2023/24,17,116,58.62573481,27.66529719
2023/24,17,117,63.19171598,32.20421302
2023/24,17,118,84.47246022,72.50275398
2023/24,17,119,43.70824216,28.27905179
2023/24,17,121,69.55723098,49.83497601
2023/24,17,122,34.75891182,11.94202627
2023/24,17,123,58.96424168,28.20906289
2023/24,17,124,60.33063792,27.63520216
2023/24,17,125,8.90148448,2.154561404
2023/24,17,126,36.56245734,15.0836587
2023/24,17,128,73.89856115,52.64158273
2023/24,17,129,71.61504748,50.79851717
2023/24,17,130,78.99333827,57.34737232
2023/24,17,131,78.83010432,57.59114754
2023/24,17,132,58.09779614,39.49088843
2023/24,17,133,70.98732289,51.02143177
2023/24,17,134,54.35419735,32.58993373
2023/24,17,136,76.62210095,58.51571623
2023/24,17,137,78.31456548,57.0478213
2023/24,17,138,70.79211957,50.83186141
2023/24,17,140,26.58576271,16.41255593
2023/24,17,144,75.48585231,57.17604555
2023/24,17,145,83.25,64.64542582
2023/24,17,149,85.25136612,63.71583789
2023/24,17,151,75.74424242,55.32624242
2023/24,17,152,57.66026411,25.6159904
2023/24,17,153,24.73434274,7.75717137
2023/24,17,154,60.45743243,27.30218243
2023/24,17,155,55.19485038,23.8089492
2023/24,17,156,68.5070922,36.0234279
2023/24,17,157,68.20088496,39.62960177
2023/24,17,158,69.25735294,37.77516544
2023/24,17,159,69.73503521,36.47183099
2023/24,17,160,85.35792019,65.84461911
2024/25,0,0,4.010073875,1.421826729
2024/25,0,1,3.16123348,0.357480176
2024/25,0,2,5.657768652,2.557700205
2024/25,0,3,9.295302013,5.52485906
2024/25,0,5,10.95180723,6.768373494
2024/25,0,7,13.71376812,9.156702899
2024/25,0,8,7.35770235,4.10205396
2024/25,0,9,2.261726717,0
2024/25,0,10,9.501992032,5.578313413
2024/25,0,11,3.139197267,0.002425278
2024/25,0,12,2.899796886,0.001611374
2024/25,0,13,1.85770751,0
2024/25,0,17,10.88523443,6.750573828
2024/25,0,18,4.209764919,1.581338156
2024/25,0,19,10.74536719,6.568771448
2024/25,0,22,1.691247416,0
2024/25,0,23,11.17541436,6.988901934
2024/25,0,24,3.086277174,0.123940217
2024/25,0,25,11.21512386,6.928239896
2024/25,0,26,13.41445783,8.923674699
2024/25,0,28,1,0
2024/25,0,29,1.380685794,0
2024/25,0,32,15.47665198,10.31459031
2024/25,0,33,3.090357384,0.060451787
2024/25,0,34,2.954948805,0.142614334
2024/25,0,35,2.114768683,0
2024/25,0,39,2.439856373,0
2024/25,0,40,2.77247191,0.550383895
2024/25,0,42,4.135483871,1.845909677
2024/25,0,43,7.993873383,8.309700477
2024/25,0,46,2.91040724,0
2024/25,0,47,2.97654321,0.764555556
2024/25,0,50,3.008922443,0.008792038
2024/25,0,51,2.300546448,0
2024/25,0,56,11.92501704,14.26197682
2024/25,0,59,2.752622378,0.206171329
2024/25,0,60,3.243946188,1.009982063
2024/25,0,65,2.134262656,0.198848129
2024/25,0,67,2.982727273,0.004009091
2024/25,0,68,3.255066387,0.123515024
2024/25,0,69,2.980124224,0
2024/25,0,70,2.613369467,0
2024/25,0,71,3.137832017,0.002591529
2024/25,0,72,2.961911357,0.174799169
2024/25,0,73,3.096491228,0
2024/25,0,75,3.318397828,0
2024/25,0,77,2.792067308,0.003329327
2024/25,0,78,2.544766709,0
2024/25,0,79,3.11361587,0
2024/25,0,80,2.583569405,0
2024/25,0,82,3.418430034,0.004580205
2024/25,0,84,3.423102754,0
2024/25,0,85,2.987231183,0.016505376
2024/25,0,86,5.407779172,2.529836888
2024/25,0,89,2.702589223,0
2024/25,0,90,3.372727273,0.002027972
2024/25,0,91,3.062745098,0
2024/25,0,92,3.344827586,0
2024/25,0,93,2.428973277,0
2024/25,0,94,1.952941176,0
2024/25,0,95,2.759377212,0
2024/25,0,96,3.049465241,0
2024/25,0,97,3.076446281,0.008168044
2024/25,0,98,2.022664835,0
2024/25,0,100,15.12623098,9.171575649
2024/25,0,101,12.28275862,7.425489655
2024/25,0,102,2.779746835,0.408696203
2024/25,0,103,1.200974421,0
2024/25,0,104,1.061016949,0
2024/25,0,105,2.618947368,0.150294737
2024/25,0,106,1.312584574,0
2024/25,0,107,3.017041581,0.114608044
2024/25,0,108,0.920889988,0
2024/25,0,109,12.61471322,7.691147132
2024/25,0,110,15.5838425,9.500923286
2024/25,0,113,9.006747638,4.892638327
2024/25,0,115,2.656776804,0.087997303
2024/25,0,116,2.924232528,0.39715872
2024/25,0,117,1.021301775,0
2024/25,0,120,1.171919771,0.001203438
2024/25,0,121,2.497601097,0.002460589
2024/25,0,122,6.239212008,3.045225141
2024/25,0,124,1.80952381,0.002524708
2024/25,0,129,2.766252739,0.001219869
2024/25,0,137,1.367197062,0
2024/25,0,139,3.012328767,0.011719178
2024/25,0,141,3.279972752,0.000510899
2024/25,0,142,3.03564085,0.018985607
2024/25,0,143,2.99863853,0.012498298
2024/25,0,145,2.29739011,0.00518544
2024/25,0,148,3.298070526,0.401290752
2024/25,0,149,2.513661202,0.004981785
2024/25,0,150,2.994897959,0.03752551
2024/25,0,151,2.99030303,0.025224242
2024/25,0,154,1.758108108,0
2024/25,0,157,3.580530973,1.193389381
2024/25,0,158,2.088235294,0
2024/25,0,159,1.74471831,0
2024/25,0,160,2.160822249,0.044800484
2024/25,1,0,7.279382136,4.172189389
2024/25,1,1,3.81938326,1.167585903
2024/25,1,2,9.067077344,5.919253936
2024/25,1,3,14.82818792,10.73158389
2024/25,1,5,15.61111111,11.52609103
2024/25,1,7,18.60748792,14.44421498
2024/25,1,8,11.59355962,7.857928634
2024/25,1,9,2.972127804,0
2024/25,1,10,15.53519256,11.26057105
2024/25,1,11,3.134073442,0.435098207
2024/25,1,12,2.514556534,0.015592417
2024/25,1,13,2.903162055,0
2024/25,1,17,15.05808258,11.06031491
2024/25,1,18,8.642857143,5.044692586
2024/25,1,19,14.08510638,10.11198353
2024/25,1,22,2.988973122,0
2024/25,1,23,17.4109116,12.99268646
2024/25,1,24,3.900815217,0.936345109
2024/25,1,25,15.65971317,11.42608866
2024/25,1,26,17.48072289,13.14722892
2024/25,1,28,1,0
2024/25,1,29,2.790762771,0
2024/25,1,32,22.49251101,18.06639648
2024/25,1,33,3.204989885,0.391611598
2024/25,1,34,3.240955631,0.729337884
2024/25,1,35,2.427046263,0
2024/25,1,39,2.639138241,0
2024/25,1,40,3.764044944,1.455449438
2024/25,1,42,7.683870968,4.514541935
2024/25,1,43,12.88699796,15.69771273
2024/25,1,46,2.178280543,0.001294118
2024/25,1,47,5.930864198,3.251407407
2024/25,1,50,2.612903226,0.268833219
2024/25,1,51,1.99863388,0.020525956
2024/25,1,56,18.43285617,23.68740286
2024/25,1,59,3.520979021,1.215664336
2024/25,1,60,6.721973094,3.581282511
2024/25,1,65,3.226705796,1.423646368
2024/25,1,67,2.957272727,0.781572727
2024/25,1,68,3.910552061,1.571593291
2024/25,1,69,2.759006211,0
2024/25,1,70,2.644083107,0.010903342
2024/25,1,71,3.004307251,0.443079684
2024/25,1,72,2.119113573,0.152403047
2024/25,1,73,2.771929825,0.087142857
2024/25,1,75,2.847929396,0
2024/25,1,77,2.883413462,0
2024/25,1,78,2.379571248,0
2024/25,1,79,3.099188458,0
2024/25,1,80,2.732294618,0
2024/25,1,82,2.600682594,0.004784983
2024/25,1,84,2.678979181,0
2024/25,1,85,2.070564516,0.012298387
2024/25,1,86,9.43161857,5.742622334
2024/25,1,89,2.78026592,0
2024/25,1,90,3.285314685,0.017874126
2024/25,1,91,2.925490196,0
2024/25,1,92,3.104124408,0
2024/25,1,93,2.796061885,0
2024/25,1,94,1.853393665,0
2024/25,1,95,2.319179052,0.069723992
2024/25,1,96,2.640374332,0.003716578
2024/25,1,97,2.782369146,0.538725895
2024/25,1,98,2.147664835,0
2024/25,1,100,19.27215756,14.81867502
2024/25,1,101,18.73103448,14.34053793
2024/25,1,102,5.010126582,1.934379747
2024/25,1,103,2.028014616,0.002898904
2024/25,1,104,2.475932203,0
2024/25,1,105,3.774736842,0.81117193
2024/25,1,106,2.732746955,0
2024/25,1,107,3.945466939,0.833769598
2024/25,1,108,1.974042027,0.042224969
2024/25,1,109,21.75062344,16.85299252
2024/25,1,110,24.59063136,20.26838425
2024/25,1,113,18.10458839,13.08206478
2024/25,1,115,3.339851652,0.437262306
2024/25,1,116,4.929457871,1.724624428
2024/25,1,117,2.10887574,0.047550296
2024/25,1,120,1.75,0.0027149
2024/25,1,121,2.27141878,0.008498972
2024/25,1,122,10.8836773,7.057082552
2024/25,1,124,3.597484277,1.279092543
2024/25,1,129,2.201607012,0.242147553
2024/25,1,137,1.538555692,0
2024/25,1,139,2.843835616,0.169835616
2024/25,1,141,2.832425068,0.022758856
2024/25,1,142,3.022618232,0.223989034
2024/25,1,143,2.934649421,0.225636487
2024/25,1,145,2.683379121,0.190872253
2024/25,1,148,3.284763806,1.564484365
2024/25,1,149,3,0.140391621
2024/25,1,150,3.085459184,0.670510204
2024/25,1,151,3.015757576,0.463672727
2024/25,1,154,3.137837838,0.539466216
2024/25,1,157,7.790265487,4.522539823
2024/25,1,158,3.020220588,0.007169118
2024/25,1,159,2.709507042,0.003397887
2024/25,1,160,3.070133011,0.679782346
2024/25,2,0,9.504365346,6.292135662
2024/25,2,1,4.111894273,1.892088106
2024/25,2,2,11.44147844,7.971786448
2024/25,2,3,15.01879195,11.05657047
2024/25,2,5,16.27041499,12.70917671
2024/25,2,7,18.55072464,15.47663043
2024/25,2,8,12.37510879,8.779355962
2024/25,2,9,2.66689327,0
2024/25,2,10,16.27357238,12.24327357
2024/25,2,11,4.025619129,1.950264731
2024/25,2,12,2.119837508,0.279823968
2024/25,2,13,2.73715415,0
2024/25,2,17,15.38068579,11.79417775
2024/25,2,18,11.75768535,8.118960217
2024/25,2,19,14.72614962,11.06641043
2024/25,2,22,2.83597519,0
2024/25,2,23,17.53798343,13.72871547
2024/25,2,24,4.186141304,1.931392663
2024/25,2,25,16.71707953,12.89306389
2024/25,2,26,17.40843373,14.03048193
2024/25,2,28,0.923857868,0
2024/25,2,29,2.599020294,0
2024/25,2,32,21.37621145,18.7409163
2024/25,2,33,2.761294673,0.763223196
2024/25,2,34,3.324914676,1.379221843
2024/25,2,35,1.989323843,0.000142349
2024/25,2,39,2.087971275,0.018671454
2024/25,2,40,4.213483146,2.012874532
2024/25,2,42,9.232258065,5.885793548
2024/25,2,43,13.59836624,16.58753574
2024/25,2,46,1.99638009,0.051773756
2024/25,2,47,8.377777778,5.304493827
2024/25,2,50,2.905284832,1.414694578
2024/25,2,51,1.471311475,0.164371585
2024/25,2,56,20.3469666,25.96728698
2024/25,2,59,4.392482517,2.193365385
2024/25,2,60,8.5632287,5.205542601
2024/25,2,65,4.787967718,2.661797506
2024/25,2,67,4.477272727,2.361872727
2024/25,2,68,5.059399022,2.698616352
2024/25,2,69,1.991304348,0
2024/25,2,70,1.992773261,0.221878952
2024/25,2,71,3.748743719,1.820445083
2024/25,2,72,1.527700831,0.597375346
2024/25,2,73,2.359649123,0.875689223
2024/25,2,75,1.990495587,0
2024/25,2,77,2.175480769,0.005204327
2024/25,2,78,1.885245902,0.01296343
2024/25,2,79,2.303877367,0
2024/25,2,80,2.191926346,0
2024/25,2,82,1.995904437,0.048764505
2024/25,2,84,1.993955675,0.001833445
2024/25,2,85,1.927419355,0.016055108
2024/25,2,86,13.21329987,9.135194479
2024/25,2,89,2.027291812,0.000251924
2024/25,2,90,2.977622378,0.043804196
2024/25,2,91,2.065359477,0
2024/25,2,92,2.478701826,0.002224476
2024/25,2,93,2.476090014,0
2024/25,2,94,1.167420814,0.095375566
2024/25,2,95,1.993630573,0.980467091
2024/25,2,96,1.977272727,0.320441176
2024/25,2,97,2.693526171,1.983546832
2024/25,2,98,2.037087912,0.006133242
2024/25,2,100,19.96239928,17.33206804
2024/25,2,101,19.7137931,17.21198621
2024/25,2,102,6.769620253,4.069392405
2024/25,2,103,2.355663825,0.985627284
2024/25,2,104,2.888135593,0.643240678
2024/25,2,105,4.464561404,1.628624561
2024/25,2,106,3.294993234,0.948998647
2024/25,2,107,4.855487389,1.942835719
2024/25,2,108,3.515451174,1.848207664
2024/25,2,109,23.02244389,20.41639651
2024/25,2,110,24.12423625,24.42291242
2024/25,2,113,21.75236167,18.27065452
2024/25,2,115,3.120701281,0.872198247
2024/25,2,116,5.956890921,3.062116264
2024/25,2,117,3.546745562,1.828236686
2024/25,2,120,1.825931232,0.00036533
2024/25,2,121,1.770390679,0.0196573
2024/25,2,122,13.65666041,10.08939962
2024/25,2,124,6.790655885,3.928984726
2024/25,2,129,2.118334551,1.410226443
2024/25,2,137,1.560587515,0.008310894
2024/25,2,139,1.82260274,0.295465753
2024/25,2,141,2.028610354,0.437840599
2024/25,2,142,2.102810144,0.711967101
2024/25,2,143,2.082368958,0.61367597
2024/25,2,145,2.134615385,0.629168956
2024/25,2,148,3.475715236,3.48657352
2024/25,2,149,2.24863388,0.752504554
2024/25,2,150,2.558673469,1.739336735
2024/25,2,151,2.166060606,1.454436364
2024/25,2,154,5.337837838,2.941797297
2024/25,2,157,10.1619469,7.081265487
2024/25,2,158,2.257352941,0.096066176
2024/25,2,159,2.093309859,0.074489437
2024/25,2,160,2.432889964,1.555779927
2024/25,3,0,11.60376091,10.70794493
2024/25,3,1,4.602643172,3.324845815
2024/25,3,2,12.96440794,12.63023956
2024/25,3,3,13.21744966,12.52413423
2024/25,3,5,13.97523427,15.2507095
2024/25,3,7,16.11111111,18.29479469
2024/25,3,8,12.78677111,12.30128808
2024/25,3,9,2.025832767,0.000312712
2024/25,3,10,14.14674635,14.20851926
2024/25,3,11,6.104184458,4.400213493
2024/25,3,12,2.907921462,1.190487475
2024/25,3,13,2.009222661,0
2024/25,3,17,13.66689993,13.84894332
2024/25,3,18,12.35352622,11.70385172
2024/25,3,19,12.98627316,13.61996568
2024/25,3,22,2.026188835,0.000482426
2024/25,3,23,15.17058011,15.95675414
2024/25,3,24,4.893342391,3.457914402
2024/25,3,25,15.16688396,16.26241199
2024/25,3,26,15.70481928,17.33885542
2024/25,3,28,1.164974619,0.000152284
2024/25,3,29,2.071378586,0.027368789
2024/25,3,32,16.10220264,19.65120705
2024/25,3,33,2.762643291,1.34008766
2024/25,3,34,3.551535836,2.232662116
2024/25,3,35,1.895017794,0.018087189
2024/25,3,39,1.909335727,0.35962298
2024/25,3,40,4.084269663,2.67747191
2024/25,3,42,10.44387097,8.712206452
2024/25,3,43,11.86317223,16.68266167
2024/25,3,46,1.714027149,0.235529412
2024/25,3,47,11.3654321,9.920481481
2024/25,3,50,5.621825669,4.001249142
2024/25,3,51,0.993852459,0.536331967
2024/25,3,56,17.7866394,28.84514656
2024/25,3,59,4.511363636,3.154458042
2024/25,3,60,8.948878924,6.97509417
2024/25,3,65,6.109317682,5.224900954
2024/25,3,67,7.120909091,5.507854545
2024/25,3,68,6.856743536,4.814640112
2024/25,3,69,1.92173913,0.005863354
2024/25,3,70,2.491418248,1.244263776
2024/25,3,71,6.320890165,4.754615937
2024/25,3,72,3.342105263,2.106142659
2024/25,3,73,3.859649123,2.360125313
2024/25,3,75,1.962661236,0.003082145
2024/25,3,77,1.965144231,0.491382212
2024/25,3,78,1.083228247,0.279596469
2024/25,3,79,1.522091975,0.036771867
2024/25,3,80,1.887393768,0.001147309
2024/25,3,82,2.066211604,0.353440273
2024/25,3,84,1.987239758,0.081860309
2024/25,3,85,1.94422043,0.105282258
2024/25,3,86,14.94479297,15.08077792
2024/25,3,89,1.794961512,0.027725682
2024/25,3,90,2.184615385,0.219356643
2024/25,3,91,1.42745098,0.019581699
2024/25,3,92,2.006761325,0.042880325
2024/25,3,93,1.981012658,0
2024/25,3,94,1.457013575,0.914352941
2024/25,3,95,4.319179052,3.217282378
2024/25,3,96,2.205882353,2.139946524
2024/25,3,97,4.490358127,5.711095041
2024/25,3,98,2.004120879,0.080267857
2024/25,3,100,16.83974933,20.21373321
2024/25,3,101,16.78,20.38942069
2024/25,3,102,7.936708861,6.621316456
2024/25,3,103,5.879415347,3.851875761
2024/25,3,104,5.362711864,3.292033898
2024/25,3,105,4.651929825,2.922147368
2024/25,3,106,6.423545332,3.924722598
2024/25,3,107,5.290388548,3.770524881
2024/25,3,108,7.834363412,5.921730532
2024/25,3,109,18.47630923,24.40769327
2024/25,3,110,18.58180584,26.90832994
2024/25,3,113,18.31578947,22.85155196
2024/25,3,115,3.32366824,1.665799056
2024/25,3,116,6.123448726,4.787753103
2024/25,3,117,7.221301775,5.19904142
2024/25,3,120,1.520773639,0
2024/25,3,121,1.618231666,0.091686086
2024/25,3,122,13.82082552,14.86321764
2024/25,3,124,9.964959569,8.423575921
2024/25,3,129,3.203798393,4.160657414
2024/25,3,137,1.740514076,0.06369645
2024/25,3,139,1.415068493,0.906965753
2024/25,3,141,2.58106267,2.023726158
2024/25,3,142,2.437971213,2.252234407
2024/25,3,143,2.116405718,1.670313138
2024/25,3,145,2.144917582,0.924931319
2024/25,3,148,5.178310047,6.40926813
2024/25,3,149,2.363387978,2.062030965
2024/25,3,150,2.571428571,2.421556122
2024/25,3,151,2.863030303,3.18670303
2024/25,3,154,8.191891892,6.371067568
2024/25,3,157,11.24424779,10.6330708
2024/25,3,158,2.001838235,0.106433824
2024/25,3,159,2.060739437,0.244964789
2024/25,3,160,2.856106409,2.792720677
2024/25,4,0,16.09133647,15.06169241
2024/25,4,1,5.813215859,4.902299559
2024/25,4,2,16.93839836,16.25833676
2024/25,4,3,16.18053691,15.64173826
2024/25,4,5,16.0394913,16.66936412
2024/25,4,7,18.67512077,20.62124396
2024/25,4,8,16.49086162,15.37193211
2024/25,4,9,1.776342624,0.08039429
2024/25,4,10,16.56507304,15.76264276
2024/25,4,11,8.590947908,6.855858241
2024/25,4,12,4.1577522,2.532139472
2024/25,4,13,1.965085639,0
2024/25,4,17,15.94401679,15.33763471
2024/25,4,18,15.5045208,14.52582278
2024/25,4,19,15.24571036,14.92208648
2024/25,4,22,1.972432805,0.001888353
2024/25,4,23,17.98687845,17.59501381
2024/25,4,24,5.823369565,4.910998641
2024/25,4,25,17.86049544,18.27302477
2024/25,4,26,18.11807229,19.75975904
2024/25,4,28,1.870558376,0.85
2024/25,4,29,1.991602519,0.464954514
2024/25,4,32,19.35682819,22.80261674
2024/25,4,33,3.037761295,2.22825354
2024/25,4,34,4.26552901,3.375836177
2024/25,4,35,1.134341637,0.287793594
2024/25,4,39,2.158886894,1.33429982
2024/25,4,40,5.625468165,4.330898876
2024/25,4,42,14.80258065,13.67944516
2024/25,4,43,14.54526889,22.16202859
2024/25,4,46,1.470588235,0.377764706
2024/25,4,47,16.26419753,15.00122222
2024/25,4,50,8.863417982,7.189025395
2024/25,4,51,1.5,1.016236339
2024/25,4,56,21.53374233,36.33821404
2024/25,4,59,6.409090909,5.159283217
2024/25,4,60,12.96950673,11.23324664
2024/25,4,65,9.118855466,8.168767425
2024/25,4,67,10.28727273,8.731954545
2024/25,4,68,10.43186583,8.594926625
2024/25,4,69,1.02484472,0.118186335
2024/25,4,70,4.20596206,2.86971093
2024/25,4,71,9.419956927,7.825972721
2024/25,4,72,6.022160665,4.478040166
2024/25,4,73,5.516290727,4.281879699
2024/25,4,75,1.504412763,0.066972166
2024/25,4,77,2.045673077,2.205745192
2024/25,4,78,1.234552333,1.687452711
2024/25,4,79,1.431018936,1.063498647
2024/25,4,80,1.638101983,0.217124646
2024/25,4,82,2.115358362,0.836013652
2024/25,4,84,1.765614506,0.43051041
2024/25,4,85,1.632392473,0.355403226
2024/25,4,86,19.01756587,18.68947302
2024/25,4,89,1.344296711,0.326927922
2024/25,4,90,1.946153846,0.747748252
2024/25,4,91,1.026143791,0.48654902
2024/25,4,92,1.804597701,0.34923597
2024/25,4,93,1.5907173,0.048080169
2024/25,4,94,2.920361991,2.077846154
2024/25,4,95,8.276716207,7.304104742
2024/25,4,96,4.148395722,5.965467914
2024/25,4,97,7.763774105,11.73811295
2024/25,4,98,1.82967033,0.229601648
2024/25,4,100,18.88898836,20.71663384
2024/25,4,101,19.34,21.53766897
2024/25,4,102,9.812658228,8.371202532
2024/25,4,103,9.848964677,8.23453106
2024/25,4,104,8.890169492,7.015037288
2024/25,4,105,5.409824561,4.290898246
2024/25,4,106,9.906630582,8.019282815
2024/25,4,107,6.625766871,5.28860259
2024/25,4,108,12.51792336,10.91923362
2024/25,4,109,21.2755611,25.12532419
2024/25,4,110,21.2640869,26.88355737
2024/25,4,113,20.84817814,23.71995277
2024/25,4,115,3.703304113,2.718583951
2024/25,4,116,7.635532332,6.432227302
2024/25,4,117,11.06035503,9.767431953
2024/25,4,120,1.04226361,0.002657593
2024/25,4,121,1.403015764,0.384742975
2024/25,4,122,16.83771107,17.54492495
2024/25,4,124,14.83737646,13.86963163
2024/25,4,129,6.020452885,9.482337473
2024/25,4,137,1.154222766,0.137894737
2024/25,4,139,1.913013699,2.760363014
2024/25,4,141,3.757493188,4.88153951
2024/25,4,142,3.369431117,4.812762166
2024/25,4,143,2.626276378,3.875343771
2024/25,4,145,1.526098901,0.930048077
2024/25,4,148,7.580838323,11.12030605
2024/25,4,149,3.14571949,3.844608379
2024/25,4,150,2.647959184,3.601237245
2024/25,4,151,4.464242424,6.628424242
2024/25,4,154,11.88310811,10.65197297
2024/25,4,157,14.25840708,13.25176106
2024/25,4,158,1.748161765,0.260974265
2024/25,4,159,1.844190141,0.444471831
2024/25,4,160,3.677146312,4.769226119
2024/25,5,0,18.20355944,16.88150571
2024/25,5,1,7.371453744,5.977496916
2024/25,5,2,18.15489391,17.33018754
2024/25,5,3,17.82590604,16.60101544
2024/25,5,5,16.41532798,16.33505154
2024/25,5,7,19.11714976,20.33550604
2024/25,5,8,18.19834639,16.3298973
2024/25,5,9,2.303942896,0.685208022
2024/25,5,10,17.02735724,15.41285525
2024/25,5,11,11.13432963,8.403070026
2024/25,5,12,6.005687204,3.939951253
2024/25,5,13,2.189855072,0.061268116
2024/25,5,17,16.82484255,15.48318125
2024/25,5,18,17.54728752,15.82353978
2024/25,5,19,15.57213452,14.70569389
2024/25,5,22,2.186354238,0.067516196
2024/25,5,23,18.52299724,17.17185083
2024/25,5,24,8.587771739,6.342127717
2024/25,5,25,17.98578879,17.87736636
2024/25,5,26,18.34349398,19.00373253
2024/25,5,28,6.150507614,3.578350254
2024/25,5,29,3.094471659,1.362791463
2024/25,5,32,19.87656388,21.84513744
2024/25,5,33,5.629062711,3.705561025
2024/25,5,34,6.491877133,4.874854608
2024/25,5,35,1.867259786,1.099236655
2024/25,5,39,4.537253142,2.786021544
2024/25,5,40,8.944194757,6.661416667
2024/25,5,42,18.13509677,16.56675226
2024/25,5,43,18.80857726,25.44869095
2024/25,5,46,1.459366516,0.577425339
2024/25,5,47,18.30753086,16.8522716
2024/25,5,50,11.5783116,8.99266987
2024/25,5,51,2.750751366,1.804375683
2024/25,5,56,23.66087253,36.79056851
2024/25,5,59,10.67596154,8.247557692
2024/25,5,60,17.07515695,14.31273632
2024/25,5,65,10.38019076,9.085402788
2024/25,5,67,12.65,10.02922
2024/25,5,68,13.76114605,10.86837666
2024/25,5,69,1.186086957,1.134038509
2024/25,5,70,7.636404697,5.031779584
2024/25,5,71,11.84256999,9.349723618
2024/25,5,72,9.175554017,6.783891967
2024/25,5,73,9.199749373,6.587194236
2024/25,5,75,1.30760353,0.469475221
2024/25,5,77,3.860576923,4.395663462
2024/25,5,78,2.968474149,4.237385876
2024/25,5,79,2.768349865,3.80118936
2024/25,5,80,2.641713881,2.473885977
2024/25,5,82,2.936587031,1.406858703
2024/25,5,84,2.056682337,1.12822767
2024/25,5,85,1.724663978,0.839755376
2024/25,5,86,19.82070263,19.44840025
2024/25,5,89,2.054513646,2.238973408
2024/25,5,90,2.422307692,2.171792308
2024/25,5,91,1.93254902,2.870151634
2024/25,5,92,2.255780933,1.711098715
2024/25,5,93,1.576511955,0.985296765
2024/25,5,94,6.078371041,4.145158371
2024/25,5,95,13.54175513,11.34198089
2024/25,5,96,7.989705882,10.46397059
2024/25,5,97,12.39924242,16.62784091
2024/25,5,98,1.98543956,1.152846841
2024/25,5,100,18.45478962,18.63990868
2024/25,5,101,19.29096552,20.21023172
2024/25,5,102,11.62936709,9.426665823
2024/25,5,103,15.70950061,13.08016565
2024/25,5,104,13.25369492,10.59288814
2024/25,5,105,7.365754386,5.483967018
2024/25,5,106,14.24492558,11.59014479
2024/25,5,107,8.650034083,6.447094751
2024/25,5,108,16.79913473,14.53427689
2024/25,5,109,20.56396509,22.37375312
2024/25,5,110,20.54752206,24.64796062
2024/25,5,113,19.88238866,21.52630229
2024/25,5,115,5.55118004,3.920020229
2024/25,5,116,9.997713912,8.094031352
2024/25,5,117,16.40366864,14.13403669
2024/25,5,120,1.248925501,0.688823782
2024/25,5,121,1.636806032,1.728937629
2024/25,5,122,17.53395872,17.52250469
2024/25,5,124,18.09910153,17.04034412
2024/25,5,129,11.63557341,15.56166545
2024/25,5,137,1.249449204,0.380099143
2024/25,5,139,4.97260274,6.380670548
2024/25,5,141,6.519073569,8.276211172
2024/25,5,142,6.670870459,8.518267306
2024/25,5,143,5.776310415,7.492849558
2024/25,5,145,2.150892857,1.910033654
2024/25,5,148,11.74797073,15.98559082
2024/25,5,149,5.605191257,6.712564663
2024/25,5,150,5.368112245,6.505265306
2024/25,5,151,8.84,11.82966667
2024/25,5,154,16.55277027,14.63074324
2024/25,5,157,15.61318584,13.93003009
2024/25,5,158,2.934007353,1.217501838
2024/25,5,159,2.999823944,1.17246831
2024/25,5,160,6.329987908,7.85094075
2024/25,6,0,19.79516454,21.46485561
2024/25,6,1,9.211453744,8.247832599
2024/25,6,2,19.25051335,21.06344285
2024/25,6,3,18.68456376,19.91948322
2024/25,6,5,16.93038822,18.97453146
2024/25,6,7,19.25,23.14144928
2024/25,6,8,19.37859008,20.25766754
2024/25,6,9,3.996600952,2.365125765
2024/25,6,10,18.00332005,17.76448871
2024/25,6,11,13.86336465,11.36041845
2024/25,6,12,7.794854435,6.230771835
2024/25,6,13,2.588932806,1.146963109
2024/25,6,17,17.45486354,18.25886634
2024/25,6,18,18.62658228,19.47067812
2024/25,6,19,16.09951956,16.88547701
2024/25,6,22,2.471399035,1.020895934
2024/25,6,23,19.68508287,19.75071133
2024/25,6,24,10.86413043,9.242995924
2024/25,6,25,18.23076923,20.32462842
2024/25,6,26,18.31927711,21.23740964
2024/25,6,28,10.91624365,9.213527919
2024/25,6,29,5.10846746,3.178285514
2024/25,6,32,19.6123348,23.68368282
2024/25,6,33,8.300067431,6.55687795
2024/25,6,34,8.345392491,7.042225256
2024/25,6,35,4.224199288,2.987099644
2024/25,6,39,7.173249551,5.249003591
2024/25,6,40,10.85299625,9.50505618
2024/25,6,42,18.73806452,19.92851613
2024/25,6,43,20.59632403,30.16803948
2024/25,6,46,2.247963801,2.688841629
2024/25,6,47,19.57407407,20.7661358
2024/25,6,50,13.25188744,11.7062663
2024/25,6,51,4.828551913,3.376413934
2024/25,6,56,24.25494206,41.46766871
2024/25,6,59,13.31206294,12.01176573
2024/25,6,60,19.00358744,18.0081435
2024/25,6,65,11.43653705,10.95356566
2024/25,6,67,14.10909091,12.66859091
2024/25,6,68,16.23549965,14.29788959
2024/25,6,69,3.147826087,4.236223602
2024/25,6,70,10.71454381,8.891355014
2024/25,6,71,13.54773869,11.99650395
2024/25,6,72,11.92728532,10.13561634
2024/25,6,73,12.47869674,10.91285714
2024/25,6,75,2.215885947,2.469192125
2024/25,6,77,6.846153846,9.418485577
2024/25,6,78,6.680958386,10.23860025
2024/25,6,79,6.776375113,9.43729486
2024/25,6,80,5.943342776,8.002492918
2024/25,6,82,4.539931741,2.797508532
2024/25,6,84,4.350570853,2.657199463
2024/25,6,85,3.477150538,2.017459677
2024/25,6,86,20.11166876,22.64276035
2024/25,6,89,5.581525542,7.446682995
2024/25,6,90,4.800699301,6.112412587
2024/25,6,91,5.871895425,8.280771242
2024/25,6,92,4.538201487,5.682481406
2024/25,6,93,4.23347398,5.308066104
2024/25,6,94,10.4959276,9.083076923
2024/25,6,95,16.09837226,15.78525124
2024/25,6,96,11.06283422,16.6990508
2024/25,6,97,15.94490358,23.834573
2024/25,6,98,4.249313187,5.018337912
2024/25,6,100,17.84153984,19.15544315
2024/25,6,101,19.02068966,21.657
2024/25,6,102,13.29367089,12.35577215
2024/25,6,103,18.75883069,19.7863581
2024/25,6,104,15.94983051,15.60586441
2024/25,6,105,9.57122807,7.994336842
2024/25,6,106,17.25236806,16.63132612
2024/25,6,107,10.76278119,9.224942059
2024/25,6,108,18.51545117,19.99686032
2024/25,6,109,19.91022444,23.06468828
2024/25,6,110,20.08350305,26.01236253
2024/25,6,113,19.40215924,22.47217274
2024/25,6,115,8.396493594,6.651611598
2024/25,6,116,12.63749184,11.50429784
2024/25,6,117,18.66272189,20.34886391
2024/25,6,120,4.328796562,5.321984241
2024/25,6,121,4.29266621,5.738670322
2024/25,6,122,17.91838649,20.02080675
2024/25,6,124,18.82210243,21.12398023
2024/25,6,129,15.84368152,23.71086194
2024/25,6,137,1.929008568,2.159596083
2024/25,6,139,8.746575342,12.81339726
2024/25,6,141,9.535422343,13.93493869
2024/25,6,142,9.9287183,14.80472927
2024/25,6,143,9.563648741,14.08088496
2024/25,6,145,4.464285714,5.682259615
2024/25,6,148,16.10578842,23.70840985
2024/25,6,149,9.006375228,13.12483607
2024/25,6,150,9.048469388,13.29832908
2024/25,6,151,13.11636364,20.13309091
2024/25,6,154,18.0972973,19.29033108
2024/25,6,157,16.18584071,16.45076991
2024/25,6,158,5.564338235,3.829889706
2024/25,6,159,5.179577465,3.504894366
2024/25,6,160,9.969770254,14.74163241
2024/25,7,0,22.93418402,25.08094694
2024/25,7,1,11.83171806,10.3247489
2024/25,7,2,21.74332649,23.77361396
2024/25,7,3,21.11073826,22.44511409
2024/25,7,5,19.34672021,21.39390897
2024/25,7,7,21.55434783,25.07103865
2024/25,7,8,22.15056571,23.43114883
2024/25,7,9,7.23589395,4.810992522
2024/25,7,10,20.5312085,19.60689907
2024/25,7,11,17.22715628,14.06873612
2024/25,7,12,10.43534191,8.246526743
2024/25,7,13,5.708827404,3.30958498
2024/25,7,17,20.36808957,20.65979006
2024/25,7,18,21.920434,22.57529837
2024/25,7,19,18.91695264,18.61173644
2024/25,7,22,5.44452102,3.123232254
2024/25,7,23,22.21132597,21.89486188
2024/25,7,24,15.00747283,12.09624321
2024/25,7,25,20.80052151,22.18290743
2024/25,7,26,20.49156627,22.92190361
2024/25,7,28,17.00253807,15.06786802
2024/25,7,29,9.057382785,6.063428971
2024/25,7,32,21.86960352,25.16055507
2024/25,7,33,11.51652057,9.333007417
2024/25,7,34,9.901023891,8.104587031
2024/25,7,35,6.117437722,4.557161922
2024/25,7,39,8.533213645,6.189129264
2024/25,7,40,13.57865169,12.03058989
2024/25,7,42,21.27870968,22.27331613
2024/25,7,43,24.24506467,34.3226889
2024/25,7,46,5.367420814,6.954823529
2024/25,7,47,22.9691358,23.95639506
2024/25,7,50,17.08991078,14.3376733
2024/25,7,51,6.239071038,4.371086066
2024/25,7,56,26.99045671,44.56236537
2024/25,7,59,17.42657343,15.50488636
2024/25,7,60,22.72735426,21.80946188
2024/25,7,65,13.1239912,12.24781365
2024/25,7,67,18.15818182,15.19374545
2024/25,7,68,19.47728861,16.82754717
2024/25,7,69,7.332919255,9.516857143
2024/25,7,70,16.23306233,13.09497742
2024/25,7,71,17.20818378,14.38958363
2024/25,7,72,15.47160665,12.94602493
2024/25,7,73,17.79949875,14.68003759
2024/25,7,75,5.164290563,6.253754243
2024/25,7,77,11.54807692,16.59917067
2024/25,7,78,12.44892812,17.97360656
2024/25,7,79,12.44634806,18.22517583
2024/25,7,80,11.71813031,16.54345609
2024/25,7,82,7.708532423,5.086784983
2024/25,7,84,7.451981195,5.095097381
2024/25,7,85,6.208333333,3.962883065
2024/25,7,86,23.26976161,24.76865747
2024/25,7,89,11.2323303,15.70731281
2024/25,7,90,10.02307692,13.58774126
2024/25,7,91,11.80522876,16.96662745
2024/25,7,92,9.805949966,13.06457742
2024/25,7,93,9.805907173,13.05345288
2024/25,7,94,17.0081448,14.18404525
2024/25,7,95,20.15711253,19.98554848
2024/25,7,96,15.96925134,22.98895722
2024/25,7,97,21.64600551,30.8265978
2024/25,7,98,9.978708791,13.08042582
2024/25,7,100,19.51387645,19.05853178
2024/25,7,101,21.54068966,22.48597931
2024/25,7,102,16.50759494,14.85434177
2024/25,7,103,22.83800244,25.4425335
2024/25,7,104,20.6440678,19.64978983
2024/25,7,105,12.84701754,10.44842807
2024/25,7,106,21.84032476,21.22404601
2024/25,7,107,14.20927062,11.84471711
2024/25,7,108,22.96662546,23.9576885
2024/25,7,109,22.51745636,23.95122195
2024/25,7,110,22.62729124,26.79884589
2024/25,7,113,22.44197031,23.24033738
2024/25,7,115,12.01078894,9.611672286
2024/25,7,116,17.06792946,15.01856956
2024/25,7,117,22.32307692,25.2128284
2024/25,7,120,10.75,14.56139685
2024/25,7,121,9.449623029,13.00312543
2024/25,7,122,21.78986867,22.39753283
2024/25,7,124,21.76010782,23.21061995
2024/25,7,129,22.73411249,31.52259313
2024/25,7,137,4.41003672,5.158678091
2024/25,7,139,14.6369863,19.91679452
2024/25,7,141,14.85149864,20.11884196
2024/25,7,142,14.95956134,21.3270939
2024/25,7,143,15.13818924,21.17225323
2024/25,7,145,8.98489011,12.15434753
2024/25,7,148,23.3087159,31.32389222
2024/25,7,149,15.62477231,21.16043716
2024/25,7,150,16.17346939,21.78631378
2024/25,7,151,20.55030303,28.32654545
2024/25,7,154,21.78513514,22.21776351
2024/25,7,157,19.69823009,18.79422124
2024/25,7,158,10.98897059,7.665220588
2024/25,7,159,9.862676056,6.937957746
2024/25,7,160,17.02297461,23.08135429
2024/25,8,0,26.95480188,33.01611216
2024/25,8,1,15.48334802,13.97350837
2024/25,8,2,25.84134155,30.54562971
2024/25,8,3,25.25053691,28.46094966
2024/25,8,5,23.76191432,28.30794779
2024/25,8,7,26.2910628,32.30715942
2024/25,8,8,26.46318538,30.56987119
2024/25,8,9,10.95662814,8.404680489
2024/25,8,10,24.37749004,25.5079336
2024/25,8,11,22.11648164,19.91017848
2024/25,8,12,13.69749492,11.4180149
2024/25,8,13,9.502173913,7.330115942
2024/25,8,17,24.63107068,27.6696802
2024/25,8,18,26.42884268,30.41981374
2024/25,8,19,23.30006863,24.48720796
2024/25,8,22,9.505789111,7.139796003
2024/25,8,23,26.72589779,28.72798135
2024/25,8,24,19.36956522,17.67179891
2024/25,8,25,25.01173403,28.67553716
2024/25,8,26,24.72746988,29.58438072
2024/25,8,28,24.33401015,24.11336802
2024/25,8,29,13.64646606,11.42420434
2024/25,8,32,26.36123348,31.90646432
2024/25,8,33,15.67741065,13.90164869
2024/25,8,34,11.42948805,9.224584983
2024/25,8,35,8.437900356,7.137923488
2024/25,8,39,9.552423698,7.201543986
2024/25,8,40,17.4156367,17.36374719
2024/25,8,42,25.79251613,28.27688387
2024/25,8,43,29.96058543,46.32559769
2024/25,8,46,9.843257919,14.2121991
2024/25,8,47,27.4782716,31.79562222
2024/25,8,50,22.41070693,20.44388881
2024/25,8,51,8.271789617,6.357008197
2024/25,8,56,31.84976142,56.54798569
2024/25,8,59,23.08269231,23.65755769
2024/25,8,60,27.57497758,30.74645022
2024/25,8,65,15.6348496,15.98571167
2024/25,8,67,23.559,21.35818
2024/25,8,68,24.56512928,22.91671279
2024/25,8,69,13.62360248,20.46721491
2024/25,8,70,23.33450768,20.65147154
2024/25,8,71,22.13898062,19.98642355
2024/25,8,72,20.26772853,19.06052424
2024/25,8,73,24.14486216,21.98221805
2024/25,8,75,9.832790224,14.31341955
2024/25,8,77,17.80360577,26.70480048
2024/25,8,78,18.66532156,26.90605549
2024/25,8,79,21.2412083,32.46313255
2024/25,8,80,20.19263456,30.16616785
2024/25,8,82,11.71706485,9.323194539
2024/25,8,84,11.27998657,8.993382807
2024/25,8,85,10.26444892,7.977195565
2024/25,8,86,26.95621079,32.06898871
2024/25,8,89,19.26655003,29.12816935
2024/25,8,90,18.29076923,26.88405385
2024/25,8,91,20.56928105,31.30308105
2024/25,8,92,17.6535497,25.89313725
2024/25,8,93,17.76631505,26.30713432
2024/25,8,94,24.05963801,21.89208054
2024/25,8,95,25.48372258,28.09319816
2024/25,8,96,22.33088235,34.06044118
2024/25,8,97,28.09469697,44.00865909
2024/25,8,98,18.74004121,27.20317376
2024/25,8,100,22.64897046,22.5015094
2024/25,8,101,25.40165517,28.02110414
2024/25,8,102,20.99329114,20.39768987
2024/25,8,103,27.85639464,34.53520341
2024/25,8,104,25.83769492,27.32295593
2024/25,8,105,16.50926316,14.15188211
2024/25,8,106,27.40324763,29.81613261
2024/25,8,107,17.30756646,14.71055419
2024/25,8,108,27.61285538,32.00756613
2024/25,8,109,26.96508728,30.81341397
2024/25,8,110,27.03177189,33.47740597
2024/25,8,113,26.2560054,29.39838327
2024/25,8,115,15.35549562,12.50574646
2024/25,8,116,22.18393207,21.35823514
2024/25,8,117,27.56118343,33.83068876
2024/25,8,120,20.88818052,30.49033739
2024/25,8,121,17.1574366,25.90933516
2024/25,8,122,26.26998124,29.37333302
2024/25,8,124,26.11734052,27.76536388
2024/25,8,129,30.00211833,46.712645
2024/25,8,137,8.378580171,11.62998898
2024/25,8,139,21.77472603,32.51335548
2024/25,8,141,20.98467302,31.83564101
2024/25,8,142,21.77457162,33.19505209
2024/25,8,143,21.97154527,33.67799387
2024/25,8,145,16.0731456,24.32082624
2024/25,8,148,32.90266134,47.3197678
2024/25,8,149,24.34826958,35.23980237
2024/25,8,150,25.02780612,36.47863776
2024/25,8,151,28.85333333,43.81462667
2024/25,8,154,26.48695946,27.6649777
2024/25,8,157,24.04327434,24.74508407
2024/25,8,158,17.14503676,14.15536213
2024/25,8,159,14.83160211,12.44163908
2024/25,8,160,26.20580411,38.03524667
2024/25,9,0,25.39892545,28.98233714
2024/25,9,1,14.7753304,12.40988546
2024/25,9,2,23.21765914,24.72749487
2024/25,9,3,23.07651007,23.31565101
2024/25,9,5,22.6231593,24.89114458
2024/25,9,7,24.1884058,26.71777778
2024/25,9,8,23.57006092,24.24932115
2024/25,9,9,11.35757988,8.581611149
2024/25,9,10,22.95152722,22.48549137
2024/25,9,11,21.16140051,19.11497011
2024/25,9,12,13.56262695,10.8511916
2024/25,9,13,9.624505929,7.206014493
2024/25,9,17,23.48845346,24.59962211
2024/25,9,18,24.95207957,26.64190778
2024/25,9,19,21.84694578,21.82341798
2024/25,9,22,9.527911785,7.259338387
2024/25,9,23,24.69198895,25.41036602
2024/25,9,24,18.27581522,16.12353261
2024/25,9,25,23.67014342,25.02129074
2024/25,9,26,23.32771084,25.20203614
2024/25,9,28,23.39593909,23.38725888
2024/25,9,29,12.74877537,10.08954514
2024/25,9,32,25.00088106,27.41292511
2024/25,9,33,14.42616318,11.65886716
2024/25,9,34,10.50170648,7.940416382
2024/25,9,35,9.324733096,8.06136121
2024/25,9,39,9.447935368,7.122459605
2024/25,9,40,16.65074906,16.10429775
2024/25,9,42,23.01806452,22.32655484
2024/25,9,43,27.71477195,41.92177672
2024/25,9,46,9.245248869,13.45993665
2024/25,9,47,25.54444444,27.48050617
2024/25,9,50,21.10706932,19.13285518
2024/25,9,51,8.398224044,6.466994536
2024/25,9,56,28.51533742,48.46427403
2024/25,9,59,22.53146853,22.95131993
2024/25,9,60,25.62780269,27.36355157
2024/25,9,65,14.08437271,13.9355099
2024/25,9,67,21.93727273,20.02939091
2024/25,9,68,22.8546471,21.19590496
2024/25,9,69,14.25217391,20.72550311
2024/25,9,70,22.85094851,20.79049684
2024/25,9,71,20.49389806,18.50836324
2024/25,9,72,19.22229917,18.49581717
2024/25,9,73,23.13032581,21.39210526
2024/25,9,75,10.79090292,15.81849287
2024/25,9,77,16.10216346,22.58751202
2024/25,9,78,16.31904161,22.89639344
2024/25,9,79,23.46618575,34.29769161
2024/25,9,80,21.69688385,31.12217422
2024/25,9,82,10.18430034,7.974225256
2024/25,9,84,8.830087307,6.86468771
2024/25,9,85,10.05040323,7.741478495
2024/25,9,86,24.6336261,26.79651192
2024/25,9,89,20.61581526,29.8989853
2024/25,9,90,19.86083916,29.41736364
2024/25,9,91,23.49150327,33.92573856
2024/25,9,92,19.21568627,28.3329547
2024/25,9,93,19.40857947,28.67988045
2024/25,9,94,22.66515837,19.12588235
2024/25,9,95,23.97169144,25.32026893
2024/25,9,96,21.97326203,32.47582888
2024/25,9,97,26.42768595,40.89536501
2024/25,9,98,21.48008242,31.82357143
2024/25,9,100,18.1136974,15.93793196
2024/25,9,101,22.62827586,22.81131034
2024/25,9,102,19.75316456,17.71540506
2024/25,9,103,25.87088916,29.53136419
2024/25,9,104,24.38237288,25.226
2024/25,9,105,14.47368421,11.40341053
2024/25,9,106,25.75101488,27.79694181
2024/25,9,107,13.44239945,10.18843217
2024/25,9,108,26.45241038,28.75761434
2024/25,9,109,24.78678304,26.4292394
2024/25,9,110,24.365241,27.33875764
2024/25,9,113,24.46558704,25.82398111
2024/25,9,115,12.68846932,9.555805799
2024/25,9,116,20.65839321,18.83082952
2024/25,9,117,26.23313609,29.83169231
2024/25,9,120,24.61532951,35.62858166
2024/25,9,121,17.96230295,25.91482522
2024/25,9,122,24.2326454,25.50966229
2024/25,9,124,22.88948787,21.01974843
2024/25,9,129,28.74872169,44.41831264
2024/25,9,137,9.085679315,13.35384333
2024/25,9,139,21.96917808,33.04935616
2024/25,9,141,20.74250681,31.50722071
2024/25,9,142,22.58944483,33.47990404
2024/25,9,143,22.40299523,33.70357386
2024/25,9,145,17.73695055,26.08791209
2024/25,9,148,31.39587492,45.95343313
2024/25,9,149,25.24499089,37.22830601
2024/25,9,150,25.49744898,38.31341837
2024/25,9,151,28.87878788,44.09375758
2024/25,9,154,22.84391892,20.79643243
2024/25,9,157,22.27256637,21.71553982
2024/25,9,158,17.10294118,14.77430147
2024/25,9,159,14.83010563,12.69511444
2024/25,9,160,26.90326481,40.23513906
2024/25,10,0,26.31296172,30.21441907
2024/25,10,1,17.3030837,15.0324141
2024/25,10,2,24.229295,25.22149897
2024/25,10,3,24.21006711,24.1771745
2024/25,10,5,23.37617135,25.9810241
2024/25,10,7,24.81280193,26.26576087
2024/25,10,8,25.05570061,26.06611836
2024/25,10,9,15.26920462,13.42649218
2024/25,10,10,23.83466135,24.74759628
2024/25,10,11,23.12980359,22.78585824
2024/25,10,12,16.41638456,14.65405552
2024/25,10,13,12.52239789,10.33171937
2024/25,10,17,24.24912526,26.14713086
2024/25,10,18,25.99005425,29.11515371
2024/25,10,19,23.2381606,24.01306108
2024/25,10,22,12.26671261,9.9656306
2024/25,10,23,25.5269337,26.94689917
2024/25,10,24,19.49048913,18.65469429
2024/25,10,25,24.89439374,27.23767927
2024/25,10,26,24.79638554,26.74198795
2024/25,10,28,25.57614213,27.09703046
2024/25,10,29,14.72078376,11.90648006
2024/25,10,32,25.87665198,28.49479295
2024/25,10,33,16.89750506,14.47871881
2024/25,10,34,14.14744027,11.67196587
2024/25,10,35,13.66814947,12.93271352
2024/25,10,39,13.81956912,11.78258528
2024/25,10,40,17.60486891,18.20557116
2024/25,10,42,24.84258065,24.96754839
2024/25,10,43,30.16473792,48.25070116
2024/25,10,46,13.66877828,19.91437104
2024/25,10,47,26.4037037,28.39044444
2024/25,10,50,22.27110501,21.93289636
2024/25,10,51,11.22336066,9.574596995
2024/25,10,56,30.19222904,52.9524199
2024/25,10,59,23.97814685,26.18167832
2024/25,10,60,26.5793722,29.35955157
2024/25,10,65,14.52090976,15.21402788
2024/25,10,67,23.88909091,23.7362
2024/25,10,68,24.56883298,24.56013976
2024/25,10,69,16.07329193,23.20850932
2024/25,10,70,25.04245709,25.29199639
2024/25,10,71,22.22613065,21.76988514
2024/25,10,72,20.41759003,21.52218837
2024/25,10,73,25.32330827,25.66324561
2024/25,10,75,13.85336049,21.2386558
2024/25,10,77,18.99278846,27.0369351
2024/25,10,78,19.59394704,28.10989912
2024/25,10,79,27.44995491,43.21848512
2024/25,10,80,25.26628895,38.75995042
2024/25,10,82,10.00614334,7.571406143
2024/25,10,84,9.281396911,6.994022834
2024/25,10,85,11.44489247,8.893689516
2024/25,10,86,24.21455458,24.00069009
2024/25,10,89,24.16864941,37.37628411
2024/25,10,90,24.53986014,37.21004895
2024/25,10,91,28.09150327,43.75189542
2024/25,10,92,23.35023665,36.28324544
2024/25,10,93,24.28691983,38.23749648
2024/25,10,94,23.1800905,18.94662443
2024/25,10,95,25.83297948,29.54408351
2024/25,10,96,24.68850267,39.36458556
2024/25,10,97,28.99862259,48.1877135
2024/25,10,98,26.57348901,43.67093407
2024/25,10,100,18.01969561,14.87527305
2024/25,10,101,23.84896552,24.48336552
2024/25,10,102,22.22151899,21.02763291
2024/25,10,103,27.09866017,30.47315469
2024/25,10,104,26.76610169,29.40384407
2024/25,10,105,17.46877193,15.31868772
2024/25,10,106,28.08930988,32.54694858
2024/25,10,107,16.3265167,13.64578732
2024/25,10,108,28.65760198,32.90067985
2024/25,10,109,26.04738155,28.6427182
2024/25,10,110,25.48608282,28.54823489
2024/25,10,113,25.85695007,29.30327935
2024/25,10,115,16.23331086,13.016588
2024/25,10,116,22.0385369,21.07467668
2024/25,10,117,27.56686391,31.17218935
2024/25,10,120,29.40544413,47.39847421
2024/25,10,121,21.46264565,32.12948595
2024/25,10,122,24.78142589,26.09541276
2024/25,10,124,23.9640611,21.54957772
2024/25,10,129,31.01680058,50.5500073
2024/25,10,137,15.04895961,21.81367197
2024/25,10,139,25.0260274,40.68876027
2024/25,10,141,23.63351499,38.59233651
2024/25,10,142,26.8553804,42.90683345
2024/25,10,143,26.30973451,42.65778761
2024/25,10,145,22.60645604,35.15038462
2024/25,10,148,33.08715902,51.53725882
2024/25,10,149,29.62112933,47.09461749
2024/25,10,150,29.87244898,48.77684949
2024/25,10,151,32.74424242,54.72538182
2024/25,10,154,23.73243243,20.96787838
2024/25,10,157,23.43185841,23.29210619
2024/25,10,158,19.17647059,17.91775735
2024/25,10,159,17.34947183,16.23429577
2024/25,10,160,31.5719468,51.62118501
2024/25,11,0,23.21289456,20.58811551
2024/25,11,1,15.43964758,11.69513304
2024/25,11,2,21.49815195,18.32773169
2024/25,11,3,20.61208054,16.17329933
2024/25,11,5,19.87202142,16.8337992
2024/25,11,7,20.70434783,17.17727536
2024/25,11,8,22.31227154,18.58661793
2024/25,11,9,14.60339905,11.30281441
2024/25,11,10,19.99415671,16.42814874
2024/25,11,11,20.14756618,16.1096567
2024/25,11,12,14.77860528,11.52421936
2024/25,11,13,12.16231884,9.394961792
2024/25,11,17,20.41931421,17.27815815
2024/25,11,18,22.60036166,19.97210127
2024/25,11,19,19.55909403,16.10792588
2024/25,11,22,11.83790489,8.982759476
2024/25,11,23,21.48839779,17.50613812
2024/25,11,24,16.51304348,13.19667935
2024/25,11,25,21.5916558,18.36716558
2024/25,11,26,21.92096386,18.80150361
2024/25,11,28,23.91878173,21.49305584
2024/25,11,29,13.62519244,10.24847586
2024/25,11,32,22.1984141,18.72496916
2024/25,11,33,14.92056642,11.31031693
2024/25,11,34,12.82730375,9.634724915
2024/25,11,35,13.1024911,11.19335943
2024/25,11,39,13.21364452,10.30920646
2024/25,11,40,15.11460674,12.65516105
2024/25,11,42,21.86425806,18.54661161
2024/25,11,43,24.67474472,34.02583526
2024/25,11,46,13.35384615,18.34340633
2024/25,11,47,22.74666667,19.37738272
2024/25,11,50,19.15223061,15.30240769
2024/25,11,51,10.33060109,7.71273224
2024/25,11,56,25.1528289,36.77516019
2024/25,11,59,20.86153846,18.24754545
2024/25,11,60,23.28538117,20.75130404
2024/25,11,65,12.45194424,10.26945855
2024/25,11,67,20.90690909,16.92122909
2024/25,11,68,21.18294899,17.10024878
2024/25,11,69,11.62534161,15.98224099
2024/25,11,70,22.21427281,18.13682385
2024/25,11,71,19.1902369,15.49331228
2024/25,11,72,17.77285319,14.87153463
2024/25,11,73,22.4802005,18.3160401
2024/25,11,75,11.82620502,16.60801086
2024/25,11,77,16.07403846,21.24328846
2024/25,11,78,16.36620429,21.63807314
2024/25,11,79,22.8761046,31.07046348
2024/25,11,80,20.81586402,27.99703683
2024/25,11,82,7.867849829,5.628690785
2024/25,11,84,8.467427804,6.083476158
2024/25,11,85,9.646774194,6.943752688
2024/25,11,86,22.36486826,19.39694856
2024/25,11,89,20.15451365,27.36946676
2024/25,11,90,19.04783217,26.40274685
2024/25,11,91,23.87555556,31.87233464
2024/25,11,92,18.86950642,26.05960784
2024/25,11,93,21.41547117,29.45598312
2024/25,11,94,19.62497738,12.95528688
2024/25,11,95,23.33135173,21.55556122
2024/25,11,96,20.57967914,28.16454545
2024/25,11,97,24.17961433,34.03531129
2024/25,11,98,23.57417582,33.38128022
2024/25,11,100,14.69794091,10.39139123
2024/25,11,101,21.25737931,17.76834759
2024/25,11,102,19.85822785,15.52657215
2024/25,11,103,25.3817296,23.9411352
2024/25,11,104,23.43159322,20.47102373
2024/25,11,105,16.00673684,12.43825404
2024/25,11,106,25.07658999,22.6359134
2024/25,11,107,15.18909339,11.72829448
2024/25,11,108,25.61483313,22.80027689
2024/25,11,109,23.50124688,20.77693766
2024/25,11,110,22.96211813,20.97322471
2024/25,11,113,22.85775978,20.26306613
2024/25,11,115,15.24423466,11.23349427
2024/25,11,116,19.50150229,15.37320444
2024/25,11,117,25.05751479,22.99459408
2024/25,11,120,25.83553009,36.30861891
2024/25,11,121,17.31706648,23.27225771
2024/25,11,122,22.31069418,19.41734334
2024/25,11,124,19.13315364,13.93533154
2024/25,11,129,26.22527392,36.35793134
2024/25,11,137,15.77870257,21.0865508
2024/25,11,139,21.04547945,29.60448219
2024/25,11,141,19.91226158,28.15420163
2024/25,11,142,23.52679918,32.3380233
2024/25,11,143,22.95874745,31.96725391
2024/25,11,145,20.89175824,28.47597253
2024/25,11,148,25.47651364,33.94997738
2024/25,11,149,25.24663024,34.36037158
2024/25,11,150,26.08367347,36.26462245
2024/25,11,151,28.27054545,40.03709091
2024/25,11,154,19.31513514,14.31493514
2024/25,11,157,21.02159292,17.50709381
2024/25,11,158,17.33676471,13.84864706
2024/25,11,159,16.08169014,12.79895775
2024/25,11,160,27.48246675,38.57431681
2024/25,12,0,32.27803895,37.10621894
2024/25,12,1,24.14096916,23.00844934
2024/25,12,2,30.94524298,35.00938398
2024/25,12,3,29.03355705,28.91741611
2024/25,12,5,28.35542169,30.4169344
2024/25,12,7,29.79468599,32.24957729
2024/25,12,8,31.39164491,33.88817232
2024/25,12,9,24.83140721,23.25641061
2024/25,12,10,28.09893758,28.48760292
2024/25,12,11,30.01537148,29.47695132
2024/25,12,12,23.76912661,22.44492214
2024/25,12,13,21.20421607,19.84633729
2024/25,12,17,29.07277817,30.60220434
2024/25,12,18,32.01808318,36.57315552
2024/25,12,19,28.21757035,28.41103638
2024/25,12,22,20.80427292,19.31051688
2024/25,12,23,29.78522099,29.47569751
2024/25,12,24,25.34646739,24.60111413
2024/25,12,25,30.55801825,32.26074316
2024/25,12,26,30.68795181,33.42109639
2024/25,12,28,34.74365482,40.82378173
2024/25,12,29,23.02659202,21.24146956
2024/25,12,32,30.59207048,33.09964758
2024/25,12,33,23.21105866,21.4232232
2024/25,12,34,21.08600683,19.158157
2024/25,12,35,22.76245552,23.2430694
2024/25,12,39,23.36714542,22.08561041
2024/25,12,40,21.60486891,22.85262172
2024/25,12,42,31.42967742,34.60184516
2024/25,12,43,37.13410483,60.30578625
2024/25,12,46,27.26153846,42.02038914
2024/25,12,47,31.99506173,34.84807407
2024/25,12,50,28.31846259,27.84234043
2024/25,12,51,17.22882514,15.46788934
2024/25,12,56,36.56782549,64.38522154
2024/25,12,59,30.34702797,32.75145979
2024/25,12,60,33.10762332,37.55850224
2024/25,12,65,18.08730741,17.94610418
2024/25,12,67,30.43909091,30.46351818
2024/25,12,68,30.67924528,30.23752621
2024/25,12,69,23.75900621,35.77376398
2024/25,12,70,32.23215899,32.89285456
2024/25,12,71,28.44077531,27.85533381
2024/25,12,72,25.35249307,26.10706371
2024/25,12,73,32.51002506,32.76179198
2024/25,12,75,24.69721656,38.12031908
2024/25,12,77,29.50600962,44.91990385
2024/25,12,78,28.71752837,45.13452711
2024/25,12,79,35.31379621,56.05205591
2024/25,12,80,33.22946176,51.99487252
2024/25,12,82,16.51399317,13.90933106
2024/25,12,84,18.79113499,16.28834117
2024/25,12,85,19.31586022,16.95985215
2024/25,12,86,33.60100376,39.22480552
2024/25,12,89,32.91322603,51.48671099
2024/25,12,90,29.73076923,46.60162937
2024/25,12,91,36.83267974,58.85664052
2024/25,12,92,29.53076403,46.68448276
2024/25,12,93,35.40998594,57.14946554
2024/25,12,94,30.92760181,29.1600543
2024/25,12,95,32.85491861,39.19743808
2024/25,12,96,32.11631016,51.45283422
2024/25,12,97,36.9084022,61.51352617
2024/25,12,98,37.33379121,63.41570055
2024/25,12,100,23.12623098,20.57975828
2024/25,12,101,30.56,32.69557241
2024/25,12,102,29.09240506,28.77075949
2024/25,12,103,36.60292326,41.86457978
2024/25,12,104,33.50508475,34.44988475
2024/25,12,105,25.76842105,23.76843509
2024/25,12,106,35.83558863,37.79483085
2024/25,12,107,25.13292434,23.42394001
2024/25,12,108,36.63535229,38.41385661
2024/25,12,109,32.06857855,36.28879052
2024/25,12,110,32.60964019,38.40094365
2024/25,12,113,32.28744939,34.7829892
2024/25,12,115,25.35468645,23.57399191
2024/25,12,116,29.42259961,28.75573481
2024/25,12,117,36.2035503,40.82027219
2024/25,12,120,40.13108883,70.21906877
2024/25,12,121,28.45167923,44.0919671
2024/25,12,122,32.05909944,36.19092871
2024/25,12,124,26.09973046,21.94540881
2024/25,12,129,39.63988313,66.83707816
2024/25,12,137,31.20318237,50.21350061
2024/25,12,139,33.2390411,55.06306849
2024/25,12,141,32.35967302,52.51025204
2024/25,12,142,37.23509253,61.54747087
2024/25,12,143,36.38597686,60.5982437
2024/25,12,145,35.87568681,57.49879121
2024/25,12,148,36.01530273,56.33400532
2024/25,12,149,38.68397086,62.58525501
2024/25,12,150,40.24617347,67.67480867
2024/25,12,151,42.13818182,73.29397576
2024/25,12,154,26.93108108,23.48111486
2024/25,12,157,30.92654867,32.11088496
2024/25,12,158,27.29044118,27.01985294
2024/25,12,159,26.20862676,25.72714789
2024/25,12,160,41.52237001,71.45094317
2024/25,13,0,45.07857623,38.90466756
2024/25,13,1,37.21057269,25.45393833
2024/25,13,2,43.87474333,37.41731006
2024/25,13,3,40.42818792,29.37979195
2024/25,13,5,42.28246319,32.83466533
2024/25,13,7,43.56400966,35.33987923
2024/25,13,8,43.88772846,34.78302002
2024/25,13,9,39.96940857,27.21461591
2024/25,13,10,40.45683931,29.44753652
2024/25,13,11,43.94619983,31.76046114
2024/25,13,12,37.25457007,25.39169262
2024/25,13,13,35.41304348,23.15316206
2024/25,13,17,42.31070679,32.55588523
2024/25,13,18,45.87251356,39.3927396
2024/25,13,19,40.59711736,29.75349348
2024/25,13,22,34.29772571,22.59842867
2024/25,13,23,41.95994475,29.90475138
2024/25,13,24,39.80706522,27.63290082
2024/25,13,25,42.86701434,34.06031291
2024/25,13,26,42.69036145,35.50707229
2024/25,13,28,48.97208122,42.24758883
2024/25,13,29,37.58222533,24.73259622
2024/25,13,32,42.76387665,34.0674978
2024/25,13,33,34.35670937,23.14783547
2024/25,13,34,32.57133106,21.24752901
2024/25,13,35,35.92704626,26.40692171
2024/25,13,39,38.33842011,26.42364452
2024/25,13,40,30.70505618,24.40145131
2024/25,13,42,44.11354839,37.10051613
2024/25,13,43,54.15044248,63.25197413
2024/25,13,46,49.68868778,54.54049774
2024/25,13,47,44.6382716,36.81892593
2024/25,13,50,41.78997941,30.44019904
2024/25,13,51,26.87568306,17.79028005
2024/25,13,56,52.20177232,66.62657805
2024/25,13,59,43.29895105,34.97005245
2024/25,13,60,45.81434978,39.94635874
2024/25,13,65,25.94203962,18.92567131
2024/25,13,67,43.77454545,32.91986364
2024/25,13,68,44.2851153,32.24152341
2024/25,13,69,45.2173913,47.95859627
2024/25,13,70,46.1535682,35.87303523
2024/25,13,71,41.84493898,29.60582915
2024/25,13,72,35.97714681,27.90325485
2024/25,13,73,45.94862155,34.96582707
2024/25,13,75,46.700611,49.6836592
2024/25,13,77,49.36538462,53.46502404
2024/25,13,78,47.99495586,54.58373266
2024/25,13,79,54.12714157,61.18083859
2024/25,13,80,51.71104816,57.14183428
2024/25,13,82,30.78976109,19.41731741
2024/25,13,84,34.21625252,22.25283412
2024/25,13,85,34.02217742,22.37318548
2024/25,13,86,46.13801757,41.37355082
2024/25,13,89,51.7039888,56.94713086
2024/25,13,90,46.56503497,49.50824476
2024/25,13,91,55.64444444,65.66771242
2024/25,13,92,46.15956728,50.45323867
2024/25,13,93,55.96624473,65.61990858
2024/25,13,94,44.47873303,34.75157466
2024/25,13,95,45.3113942,41.76977353
2024/25,13,96,48.06550802,55.81430481
2024/25,13,97,55.8415978,66.90212121
2024/25,13,98,56.90659341,71.01629121
2024/25,13,100,32.79767234,21.38140555
2024/25,13,101,41.79586207,33.03053793
2024/25,13,102,41.59493671,30.44532911
2024/25,13,103,48.41900122,38.50611449
2024/25,13,104,44.28067797,31.31508475
2024/25,13,105,39.03789474,26.35821053
2024/25,13,106,47.03788904,33.45540595
2024/25,13,107,39.87525562,26.68935242
2024/25,13,108,47.9592089,34.85174289
2024/25,13,109,43.66832918,36.249202
2024/25,13,110,44.26272912,38.26780041
2024/25,13,113,43.90148448,34.64061404
2024/25,13,115,38.20296696,26.40759946
2024/25,13,116,42.40365774,30.98006532
2024/25,13,117,48.2260355,38.08687574
2024/25,13,120,59.46131805,76.67654728
2024/25,13,121,46.67649075,50.60588074
2024/25,13,122,44.60225141,37.88285178
2024/25,13,124,31.71877808,17.71531896
2024/25,13,129,58.29145362,72.60171658
2024/25,13,137,53.00244798,64.13884945
2024/25,13,139,51.62739726,61.46941096
2024/25,13,141,50.78610354,58.27185286
2024/25,13,142,56.69088417,69.5623098
2024/25,13,143,55.44043567,67.62487406
2024/25,13,145,57.19642857,67.16386676
2024/25,13,148,50.44444444,55.38943446
2024/25,13,149,58.03278689,67.30540984
2024/25,13,150,60.28316327,74.14506378
2024/25,13,151,61.43393939,78.75329697
2024/25,13,154,33.16283784,19.99574324
2024/25,13,157,43.01681416,32.98720354
2024/25,13,158,41.03492647,30.10915441
2024/25,13,159,41.04225352,29.87519366
2024/25,13,160,60.71221282,76.55521161
2024/25,14,0,52.60866353,45.68876226
2024/25,14,1,44.89259912,31.12755771
2024/25,14,2,51.121013,43.61921629
2024/25,14,3,43.95127517,29.80853087
2024/25,14,5,49.70983936,38.09323561
2024/25,14,7,51.24830918,42.0389843
2024/25,14,8,50.89103568,40.22311314
2024/25,14,9,49.68619986,36.7148518
2024/25,14,10,46.65285525,33.90256242
2024/25,14,11,50.9146883,38.07775406
2024/25,14,12,45.74346649,33.15591401
2024/25,14,13,44.48623188,30.41883333
2024/25,14,17,49.22211337,37.83262561
2024/25,14,18,54.40027125,46.8858689
2024/25,14,19,46.40686342,33.93580782
2024/25,14,22,42.34810476,28.98571261
2024/25,14,23,48.02776243,33.87781975
2024/25,14,24,48.95224185,35.09088179
2024/25,14,25,50.04211213,39.89956714
2024/25,14,26,49.41650602,40.9772
2024/25,14,28,58.23299492,46.11121827
2024/25,14,29,47.40545836,33.18656893
2024/25,14,32,49.13365639,37.3063304
2024/25,14,33,41.80890088,28.45343965
2024/25,14,34,39.48962457,25.94778362
2024/25,14,35,46.61396797,36.60072865
2024/25,14,39,48.08007181,35.72888869
2024/25,14,40,36.10945693,29.39933333
2024/25,14,42,51.81780645,43.46636516
2024/25,14,43,63.23914227,75.2731872
2024/25,14,46,66.30063348,80.69233665
2024/25,14,47,53.94074074,45.12451235
2024/25,14,50,51.4108442,39.00225532
2024/25,14,51,34.72438525,24.30480806
2024/25,14,56,61.05787321,78.18442331
2024/25,14,59,51.89326923,42.85024038
2024/25,14,60,54.54125561,48.28307444
2024/25,14,65,31.6296405,23.66284006
2024/25,14,67,53.676,42.05296
2024/25,14,68,53.83773585,40.38569672
2024/25,14,69,64.73875776,75.90450932
2024/25,14,70,55.87244806,45.98792954
2024/25,14,71,50.63869347,36.43923331
2024/25,14,72,43.48047091,35.24334488
2024/25,14,73,54.95175439,42.39194612
2024/25,14,75,65.64602851,74.82580855
2024/25,14,77,64.99783654,74.99620192
2024/25,14,78,62.30327869,77.21507566
2024/25,14,79,67.18034265,78.83298287
2024/25,14,80,65.14461756,74.49746884
2024/25,14,82,44.16143345,29.08063618
2024/25,14,84,46.90698455,31.77687979
2024/25,14,85,46.29314516,31.46031048
2024/25,14,86,55.55207026,50.12334253
2024/25,14,89,65.05087474,74.57107838
2024/25,14,90,59.69153846,64.24387692
2024/25,14,91,68.50627451,86.39234641
2024/25,14,92,58.65625423,65.50227045
2024/25,14,93,68.88691983,85.26906048
2024/25,14,94,54.68244344,48.21602624
2024/25,14,95,54.57105449,50.6741741
2024/25,14,96,57.45735294,68.30104412
2024/25,14,97,67.89015152,83.44262879
2024/25,14,98,69.48434066,90.24999107
2024/25,14,100,33.80062668,20.84056849
2024/25,14,101,48.89537931,37.82567724
2024/25,14,102,50.16835443,37.87157975
2024/25,14,103,52.13142509,35.43420219
2024/25,14,104,46.6959322,30.42060814
2024/25,14,105,49.13950877,34.47302737
2024/25,14,106,50.46677943,32.76427402
2024/25,14,107,51.91595092,37.70265372
2024/25,14,108,50.78627936,33.24855377
2024/25,14,109,52.07032419,42.23005611
2024/25,14,110,52.46096402,43.92865309
2024/25,14,113,51.54561404,40.35663225
2024/25,14,115,47.3578557,34.36104046
2024/25,14,116,52.03768779,39.68256826
2024/25,14,117,51.77550296,35.01565562
2024/25,14,120,72.48101719,96.3289384
2024/25,14,121,61.97546265,70.13597738
2024/25,14,122,53.51923077,45.81466979
2024/25,14,124,28.46954178,14.54360108
2024/25,14,129,71.3320672,92.89181008
2024/25,14,137,67.79877601,89.93418237
2024/25,14,139,64.02452055,78.77638699
2024/25,14,141,62.58535422,74.44492779
2024/25,14,142,68.48498972,88.06880466
2024/25,14,143,67.37631042,85.3074486
2024/25,14,145,70.83743132,89.0699842
2024/25,14,148,60.96766467,68.0193014
2024/25,14,149,70.77067395,84.35138616
2024/25,14,150,72.78380102,93.30880485
2024/25,14,151,73.144,95.28374667
2024/25,14,154,27.89094595,15.43117905
2024/25,14,157,51.16460177,40.33624071
2024/25,14,158,51.55036765,40.74250368
2024/25,14,159,51.62059859,40.3341919
2024/25,14,160,73.33422007,95.68586094
2024/25,15,0,55.50167898,33.99770316
2024/25,15,1,48.57885463,26.05945374
2024/25,15,2,53.03764545,31.48728268
2024/25,15,3,42.23758389,20.87244295
2024/25,15,5,51.79651941,29.6011178
2024/25,15,7,55.10869565,33.58457729
2024/25,15,8,52.95126197,30.36386423
2024/25,15,9,55.9225017,32.52139361
2024/25,15,10,48.23173971,26.40313413
2024/25,15,11,55.4910333,31.55957301
2024/25,15,12,51.79485443,29.15571429
2024/25,15,13,50.27272727,27.02370883
2024/25,15,17,52.10006998,29.98508747
2024/25,15,18,59.62115732,38.57476492
2024/25,15,19,50.0459849,27.72343171
2024/25,15,22,49.80013784,26.42774638
2024/25,15,23,50.17196133,26.82686464
2024/25,15,24,56.5951087,32.00288043
2024/25,15,25,54.45762712,32.26431551
2024/25,15,26,53.51084337,32.40263855
2024/25,15,28,56.31472081,29.42928934
2024/25,15,29,55.46955913,30.58691393
2024/25,15,32,46.57885463,24.71657269
2024/25,15,33,50.7019555,27.55090357
2024/25,15,34,48.56996587,25.57918089
2024/25,15,35,52.59875445,32.10519573
2024/25,15,39,54.7010772,31.55959605
2024/25,15,40,40.06086142,24.09837079
2024/25,15,42,55.94580645,32.9876129
2024/25,15,43,67.77399592,61.27637168
2024/25,15,46,77.88687783,76.44655204
2024/25,15,47,61.41481481,39.56003704
2024/25,15,50,59.42004118,34.96047358
2024/25,15,51,41.79030055,23.4326776
2024/25,15,56,66.01022495,62.56541922
2024/25,15,59,57.56555944,35.6134528
2024/25,15,60,60.47713004,39.50500448
2024/25,15,65,35.89508437,20.2961482
2024/25,15,67,61.22090909,36.57612727
2024/25,15,68,61.33892383,35.48277428
2024/25,15,69,77.69689441,77.10278261
2024/25,15,70,63.5862692,39.9866486
2024/25,15,71,58.0143575,31.63623833
2024/25,15,72,49.26523546,30.65885734
2024/25,15,73,63.30200501,37.14295739
2024/25,15,75,79.59470468,75.15953157
2024/25,15,77,77.19711538,70.04453125
2024/25,15,78,74.04791929,72.78445145
2024/25,15,79,78.74301172,71.53755636
2024/25,15,80,76.95892351,68.4634915
2024/25,15,82,58.3556314,30.22247099
2024/25,15,84,59.60779046,32.28915379
2024/25,15,85,59.34811828,32.00534274
2024/25,15,86,63.10037641,41.12775408
2024/25,15,89,76.28621414,67.80617215
2024/25,15,90,71.5,59.2558951
2024/25,15,91,79.16601307,77.19793464
2024/25,15,92,70.71331981,60.86639621
2024/25,15,93,79.41631505,75.5942616
2024/25,15,94,62.12669683,42.43889593
2024/25,15,95,61.27742392,42.89433121
2024/25,15,96,64.78609626,58.49141711
2024/25,15,97,75.93112948,70.51363636
2024/25,15,98,79.39354396,78.64807005
2024/25,15,100,23.62757386,9.792202328
2024/25,15,101,54.50206897,30.39302759
2024/25,15,102,56.61772152,31.96364557
2024/25,15,103,38.99512789,16.98175396
2024/25,15,104,36.80813559,16.86827119
2024/25,15,105,57.87508772,31.77018947
2024/25,15,106,40.94654939,19.16667794
2024/25,15,107,59.52079073,33.53806408
2024/25,15,108,38.59332509,16.97851669
2024/25,15,109,57.63092269,33.48719451
2024/25,15,110,57.94093686,34.32476578
2024/25,15,113,56.37112011,31.81642375
2024/25,15,115,55.13621038,30.59045179
2024/25,15,116,59.3089484,34.41874592
2024/25,15,117,38.3147929,16.79190533
2024/25,15,120,82.13180516,83.17566619
2024/25,15,121,76.40644277,68.69451679
2024/25,15,122,59.81238274,37.27747655
2024/25,15,124,19.81401617,7.268571429
2024/25,15,129,81.22279036,79.56569028
2024/25,15,137,77.74418605,79.07646267
2024/25,15,139,73.48767123,68.27730137
2024/25,15,141,71.41621253,64.15973433
2024/25,15,142,78.10349554,75.3452159
2024/25,15,143,76.31994554,72.2195371
2024/25,15,145,80.82211538,77.66365385
2024/25,15,148,68.55688623,57.99635396
2024/25,15,149,81.23952641,72.42117486
2024/25,15,150,82.58673469,78.17059949
2024/25,15,151,82.99272727,80.11968485
2024/25,15,154,19.03378378,7.103662162
2024/25,15,157,56.52389381,32.06889381
2024/25,15,158,59.51470588,35.53474265
2024/25,15,159,60.76848592,36.32553697
2024/25,15,160,83.35912938,80.58120919
2024/25,16,0,48.28139691,35.64038281
2024/25,16,1,42.43436123,29.22720705
2024/25,16,2,46.56468172,33.75404517
2024/25,16,3,26.4033557,16.32475168
2024/25,16,5,38.2021419,27.07146586
2024/25,16,7,46.46014493,33.70689614
2024/25,16,8,45.11488251,32.47186249
2024/25,16,9,50.59211421,39.24815092
2024/25,16,10,34.55046481,24.81930279
2024/25,16,11,49.30059778,37.48193851
2024/25,16,12,47.43737305,35.9388084
2024/25,16,13,46.27470356,34.09516469
2024/25,16,17,41.55913226,29.56383485
2024/25,16,18,53.8164557,44.2033906
2024/25,16,19,42.34179822,30.89874399
2024/25,16,22,47.06340455,34.26922123
2024/25,16,23,36.41022099,26.22531077
2024/25,16,24,52.42663043,40.75769022
2024/25,16,25,44.44980443,33.47105606
2024/25,16,26,44.74698795,32.97374699
2024/25,16,28,33.61928934,21.08159898
2024/25,16,29,52.19454164,39.34715885
2024/25,16,32,27.12599119,17.81585022
2024/25,16,33,48.54484154,36.5311261
2024/25,16,34,45.63890785,33.23797952
2024/25,16,35,47.26779359,37.8411032
2024/25,16,39,51.15709156,40.19855476
2024/25,16,40,36.25655431,28.20298689
2024/25,16,42,49.48258065,36.05756129
2024/25,16,43,57.6943499,71.45219877
2024/25,16,46,71.18099548,98.83940271
2024/25,16,47,56.97407407,49.6597284
2024/25,16,50,54.89087165,45.00957447
2024/25,16,51,39.43374317,31.19190574
2024/25,16,56,56.53919564,71.02705521
2024/25,16,59,51.86800699,41.74597902
2024/25,16,60,53.97488789,44.60615247
2024/25,16,65,32.13132795,24.79216434
2024/25,16,67,55.83181818,45.54202727
2024/25,16,68,55.14744934,43.89682739
2024/25,16,69,70.34409938,101.8938012
2024/25,16,70,57.92231256,49.71383017
2024/25,16,71,52.65326633,40.27759512
2024/25,16,72,44.94944598,38.32867729
2024/25,16,73,57.78320802,47.24015038
2024/25,16,75,72.401222,100.6506721
2024/25,16,77,69.83052885,89.42671875
2024/25,16,78,67.14123581,93.61152585
2024/25,16,79,71.11000902,91.04614968
2024/25,16,80,70.01983003,88.43179178
2024/25,16,82,57.55290102,45.13357679
2024/25,16,84,57.05842848,46.12934184
2024/25,16,85,57.23454301,45.91076613
2024/25,16,86,57.36010038,48.96727729
2024/25,16,89,69.71658502,88.14397481
2024/25,16,90,66.6993007,78.41079021
2024/25,16,91,71.00522876,96.62797386
2024/25,16,92,66.11899932,81.13158891
2024/25,16,93,71.67088608,95.29563291
2024/25,16,94,56.92488688,52.86917647
2024/25,16,95,55.63694268,51.5381104
2024/25,16,96,58.49331551,72.96248663
2024/25,16,97,66.4077135,83.8122865
2024/25,16,98,71.58928571,98.8256456
2024/25,16,100,6.393912265,3.588370636
2024/25,16,101,47.76068966,35.753
2024/25,16,102,51.31392405,38.91160759
2024/25,16,103,19.83556638,10.96656516
2024/25,16,104,18.73762712,10.59096949
2024/25,16,105,54.15789474,42.0792
2024/25,16,106,22.28416779,12.94880244
2024/25,16,107,54.18200409,42.22113156
2024/25,16,108,18.76761434,10.24833127
2024/25,16,109,50.28553616,38.25581047
2024/25,16,110,50.11133741,38.26513917
2024/25,16,113,49.8805668,37.76039811
2024/25,16,115,52.02090357,40.56752529
2024/25,16,116,54.62638798,43.66282822
2024/25,16,117,17.68757396,9.623775148
2024/25,16,120,73.53438395,105.2642407
2024/25,16,121,70.72104181,94.22549692
2024/25,16,122,53.60694184,44.45837711
2024/25,16,124,10.43126685,5.056666667
2024/25,16,129,72.73119065,100.9152593
2024/25,16,137,70.58996328,101.1103672
2024/25,16,139,66.01780822,84.34267808
2024/25,16,141,63.44414169,78.61427793
2024/25,16,142,69.69979438,91.71069225
2024/25,16,143,67.48604493,87.28650102
2024/25,16,145,72.25480769,95.90491758
2024/25,16,148,60.80239521,72.55899534
2024/25,16,149,72.03916211,89.80105647
2024/25,16,150,73.31122449,94.69367347
2024/25,16,151,73.90060606,98.61015758
2024/25,16,154,10.81621622,5.185432432
2024/25,16,157,51.9460177,39.24718584
2024/25,16,158,55.68198529,45.88946691
2024/25,16,159,57.66109155,48.02895246
2024/25,16,160,74.30229746,99.25841596
2024/25,17,0,53.66823371,25.20807253
2024/25,17,1,46.81497797,19.63743612
2024/25,17,2,51.83983573,23.76091718
2024/25,17,3,14.05033557,3.896959732
2024/25,17,5,29.73962517,11.02084337
2024/25,17,7,47.6147343,19.5435628
2024/25,17,8,49.07658834,21.3072933
2024/25,17,9,56.55472468,27.35504419
2024/25,17,10,23.05776892,7.813339973
2024/25,17,11,55.45345858,25.66005124
2024/25,17,12,53.74881517,25.15020311
2024/25,17,13,54.243083,24.80242424
2024/25,17,17,34.31140658,12.33002799
2024/25,17,18,58.67902351,29.10240506
2024/25,17,19,36.48387097,13.49565546
2024/25,17,22,54.9110958,24.89929704
2024/25,17,23,24.17679558,8.004993094
2024/25,17,24,58.66915761,28.52630435
2024/25,17,25,36.63233377,13.88083442
2024/25,17,26,38.39277108,14.31479518
2024/25,17,28,19.24111675,5.089162437
2024/25,17,29,60.60881735,28.55358992
2024/25,17,32,15.50572687,4.727814978
2024/25,17,33,55.15778827,25.74954147
2024/25,17,34,51.07849829,22.80478498
2024/25,17,35,51.46085409,24.39685943
2024/25,17,39,58.20287253,28.85304309
2024/25,17,40,39.69101124,18.4972191
2024/25,17,42,53.48903226,23.54854194
2024/25,17,43,63.69707284,46.94200817
2024/25,17,46,81.91131222,68.76268778
2024/25,17,47,65.19259259,34.03132099
2024/25,17,50,63.39670556,32.1919698
2024/25,17,51,45.64344262,22.71064208
2024/25,17,56,61.85480573,45.97361282
2024/25,17,59,56.79370629,27.22670455
2024/25,17,60,58.96502242,28.70747085
2024/25,17,65,35.35730007,15.79211299
2024/25,17,67,63.09090909,31.41332727
2024/25,17,68,59.35709294,27.59915444
2024/25,17,69,81.30310559,71.41732919
2024/25,17,70,65.70641373,33.76466125
2024/25,17,71,60.21464465,28.02846375
2024/25,17,72,51.52354571,26.39671745
2024/25,17,73,66.42857143,32.59278195
2024/25,17,75,84.49151392,72.46238289
2024/25,17,77,79.15264423,61.17879808
2024/25,17,78,76.9924338,64.45356873
2024/25,17,79,80.98737601,61.81664563
2024/25,17,80,81.43130312,62.44901558
2024/25,17,82,67.52491468,35.36456655
2024/25,17,84,66.40564137,34.19670248
2024/25,17,85,66.28897849,33.86786962
2024/25,17,86,64.75031368,32.03572146
2024/25,17,89,81.64660602,62.87830651
2024/25,17,90,79.57202797,57.12788112
2024/25,17,91,82.08496732,65.77397386
2024/25,17,92,77.97430696,59.42617985
2024/25,17,93,83.86568214,66.75862166
2024/25,17,94,65.45429864,38.41580995
2024/25,17,95,61.94904459,34.46387827
2024/25,17,96,67.50534759,50.71479947
2024/25,17,97,75.33264463,56.08447658
2024/25,17,98,83.55837912,68.6181044
2024/25,17,100,1.780662489,0.426445837
2024/25,17,101,47.94689655,20.25415862
2024/25,17,102,59.28860759,28.37612658
2024/25,17,103,13.8501827,3.37593179
2024/25,17,104,13.13288136,3.078210169
2024/25,17,105,62.22035088,29.74340351
2024/25,17,106,17.01285521,4.196556157
2024/25,17,107,61.38991138,28.7097955
2024/25,17,108,12.00741656,2.802051916
2024/25,17,109,54.60972569,24.95697007
2024/25,17,110,52.8173795,23.53284453
2024/25,17,113,54.5802969,24.5212888
2024/25,17,115,60.8927849,29.4391706
2024/25,17,116,62.7295885,30.35256695
2024/25,17,117,11.51360947,2.789952663
2024/25,17,120,85.56375358,73.31212034
2024/25,17,121,83.6435915,69.71718986
2024/25,17,122,60.50281426,29.62620075
2024/25,17,124,7.576819407,1.748544474
2024/25,17,129,84.51205259,70.09233747
2024/25,17,137,82.27050184,70.7821175
2024/25,17,139,77.15136986,58.62422603
2024/25,17,141,73.05858311,53.90603542
2024/25,17,142,80.74777245,62.52694997
2024/25,17,143,77.41116406,59.25703199
2024/25,17,145,84.02403846,65.62116071
2024/25,17,148,70.11576846,51.22463739
2024/25,17,149,82.8424408,61.46139344
2024/25,17,150,84.33163265,63.77706633
2024/25,17,151,85.34424242,66.81827879
2024/25,17,154,8.786486486,1.89852027
2024/25,17,157,59.58849558,27.73827434
2024/25,17,158,64.37132353,32.71027574
2024/25,17,159,66.17077465,33.93537852
2024/25,17,160,86.4764208,66.79438936
